dopln0001;Proč z žánrových kategorií zmizel jazz?
dopln0002;A co udělal s prémií osmačtyřicet tisíc dolarů?
dopln0003;Ale probůh, proč by nemělo být?
dopln0004;A proč bychom jim to neumožnili?
dopln0005;A proč by k takovému ovlivnění nemohlo dojít?
dopln0006;Ale proč by nakonec nepřijal tak lákavou nabídku?
dopln0007;A jaká je vůbec historie jeho německého úspěchu?
dopln0008;Na co jsme mysleli, když jsme začali bombardování?
dopln0009;A jak tedy vypadá realita na hřišti?
dopln0010;Jaký je smysl čtyřkoalice?
dopln0011;Ale co je svět Čechovův?
dopln0012;Kde je hřiště?
dopln0013;A co nás vlastně motivuje k dalšímu vzdělávání?
dopln0014;A co říkal na výkon rozhodčích?
dopln0015;Ale co těch sedmdesát devět dalších?
dopln0016;A jaká knížka bude ta příští?
dopln0017;A kde jsou nejlepší útočníci minulého ročníku soutěže?
dopln0018;A co na to řidiči?
dopln0019;Avšak proč dělat věci polovičatě?
dopln0020;Ale kdo ten svět vlastně šéfuje?
dopln0021;Ale k čemu to všechno?
dopln0022;A co je na tom špatného?
dopln0023;A co jsou hlavní vládní hříchy?
dopln0024;A co osobnosti takzvané křižné?
dopln0025;A co si myslí o smíšených manželstvích?
dopln0026;A proč se mám přetvařovat?
dopln0027;A jak že jsme vstoupili na mediální trh?
dopln0028;A na kolik si tak přijdou?
dopln0029;A jakým způsobem se to dá posoudit?
dopln0030;A co hygiena?
dopln0031;A kdo je tam teda generální ředitel?
dopln0032;A co jsem jim přivezl?
dopln0033;A jak to zařídit, aby nevyhrál ten první?
dopln0034;A co na to centrální banka?
dopln0035;A co poslední branka?
dopln0036;Jaké jsou možnosti léčby?
dopln0037;A jak byste dopadl?
dopln0038;A co české banky?
dopln0039;A co konkurs?
dopln0040;A co budou platit po mé smrti?
dopln0041;A čím že to přesně mladý ministr trpí?
dopln0042;A co rychlé pomrkávání?
dopln0043;A co obnáší být členem autoklubu?
dopln0044;A jak dlouho bude tento proces trvat?
dopln0045;Kdopak má tu čest být prvním detektivním autorem?
dopln0046;Jak hodnotíte činnost Koženého v Ázerbájdžánu?
dopln0047;Ale co auta?
dopln0048;Jaký smysl v tom spatřujete?
dopln0049;A proč fouká vítr?
dopln0050;Co se pak děje s hrdostí?
dopln0051;A jak se Novozélanďané o Pekáčkovi dozvěděli?
dopln0052;Proč vůbec reagoval Hrad tak hystericky?
dopln0053;Proč, když si bude ministerstvo svým sdělením jisto?
dopln0054;A co ten teď dělá?
dopln0055;A jakou to úroveň má premiér na mysli?
dopln0056;A proč mají být čeští politici takto hájeni?
dopln0057;Co si to dovolujou?
oznam0002;Uspořádal v tělocvičně debatu studentů, rodičů a pedagogů.
oznam0003;Džordn popřel, že by odmítl svůj slib splnit.
oznam0004;Domácí zaskočili soupeře odvahou, rychlostí a obdivuhodnou střelbou.
oznam0005;Mimo ředitele dělám i řidiče a údržbáře.
oznam0006;Kosovští Srbové tvrdí, že mrtvých bylo mnohem víc.
oznam0007;Navíc dostal pokutu tisíc dolarů.
oznam0008;Nejvážnější zdravotní komplikace během oslav postihla třiačtyřicetiletého parašutistu.
oznam0009;Singl, nebo debl, to je Martině Hingisové jedno.
oznam0010;Na cestách byli plných sedm let.
oznam0011;Lektoři úředníky učí angličtinu, němčinu, španělštinu a francouzštinu.
oznam0012;Jeden z nich dopadl do největšího sídliště Vltava.
oznam0013;Na křižovatkách řízených počítači dostávají tramvaje automaticky přednost.
oznam0014;Muž nevznesl žádné požadavky, pohrozil však zabitím dětí.
oznam0015;Albáncům také tvrdí, že francouzští vojáci nadržují Srbům.
oznam0016;A gólů přibývalo, až jich bylo sedm.
oznam0017;Jako člen Klausových vlád říkám ano.
oznam0018;Neexistuje žádné ohrožení vždy přizpůsobivých židovských spoluobčanů.
oznam0019;Sdělil to ředitel marketingu Pragobanky Vladimír Hamouz.
oznam0020;Odešlo osmnáct hráčů.
oznam0022;Projekt záchrany židovských náboženských objektů zaštiťuje nadace Dědictví.
oznam0023;Jisté je, že holocaust vypadl z českých dějin.
oznam0024;Do Smetanovy síně vpadl nefalšovaný symfonický jazz.
oznam0025;Ať žije NATÓÓ.
oznam0026;Běda, napsal teprve čtrnáct řádek.
oznam0027;Největší překážky konkurenceschopnosti spatřuje studie uvnitř železničních organizací.
oznam0028;Jsou vzdělaní, dobře věděli, čeho se dopouštějí.
oznam0031;Agrobanka koupila Plzeňskou banku.
oznam0032;Celkem fungují ve vlacích, některých restauracích, úřadech.
oznam0033;Slabší eurohospodářství Eurolandu spíše pomáhá.
oznam0034;Sedm bank bylo po prvním čtvrtletí ve ztrátě.
oznam0035;Blšanský gólman se musel po laciném gólu červenat.
oznam0036;Dešťové přeháňky náhle vystřídala sněhová bouře včetně hromobití.
oznam0037;Těžký průběh encefalitidy, tak zněla nekompromisní diagnóza.
oznam0038;Euro nahradí obrovský objem dosavadních bankovek a mincí.
oznam0039;Stavebnictví je nejspolehlivějším motorem, roztáčejícím soukolí národního hospodářství.
oznam0040;V Saigonu jich bylo asi sedm nebo osm.
oznam0041;Doplňuje ji krátký videozáznam o restaurování autorova díla.
oznam0042;Děje se tak u příležitosti sympózia autorských knih.
oznam0043;Zejména obdivovali náboženské soužití buddhistů, muslimů a křesťanů.
oznam0044;Objem obchodů dosáhl průměrných hodnot současných dní.
oznam0045;Lidé chtějí příjemné zacházení, příjemnou obsluhu, příjemné úřady.
oznam0046;Odborníci upozorňují především na promyšlenou argumentaci ultrapravicových stran.
oznam0047;Bankovní rada České národní banky má sedm členů.
oznam0048;Všichni čtvrtfinalisté Amerického fotbalového poháru už jsou známi.
oznam0049;Chronická myeloidní leukemie tvoří čtvrtinu všech leukemií.
oznam0050;Berlínská zeď padla osm dní před sedmnáctým listopadem.
oznam0051;Dvanáct z nich jej již dokonce zkolaudovalo.
oznam0052;Dávali jsme nejvíc gólů, nejčastěji stříleli.
oznam0053;Je to antologie současných řeckých povídek dvaceti autorů.
oznam0054;Automobilka Škoda ztráty nemíní vůbec zveřejnit.
oznam0056;Odmítám slovo euroskepticismus a eurooptimismus.
oznam0057;Jenže ouha, triumfuje autor Naší pravdy.
oznam0058;Mnohokrát jsem předhazoval variantu euronaivismus a eurorealismus.
oznam0059;Čekání na gól skončilo za osm minut.
oznam0060;Nikdo nechce nic říkat, nic závažného rozhodovat.
oznam0061;Autorem gólu byl Vítek.
oznam0062;Jeho zdravotní stav nebyl příznivý, trpěl častými neurózami.
oznam0063;Myslím adjektiva typu epochální, historický, triumfální, autentický.
oznam0064;Famózní výkon podal Hejkal, autor čtyř branek.
oznam0065;Diagnózu a léčbu alergie může provést pouze lékař.
oznam0066;Deset minut před koncem vedli o sedmnáct bodů.
oznam0067;Asi sedm nebo osm stovek.
oznam0068;Bulharský prozaik a dramatik Džordn Radičkov oslavil sedmdesátiny.
oznam0069;Bůžkové demagogie by slavili triumf.
oznam0070;Ale chápu, proč Zemana ve vládě potřebujete.
oznam0071;Akce navíc zdaleka nemá širokou podporu zemědělců.
oznam0072;Česká republika je i oblíbeným cílem vietnamské emigrace.
oznam0073;A Džordn se trefovat nepřestal.
oznam0074;Čtyřkoalice přichází o většinu politických trumfů.
oznam0075;Brňané mají v rukávu schované další trumfy.
oznam0076;Byla to jízda v pravdě triumfální.
oznam0077;Český oportunismus neboli čecháčkovství opět slaví triumfy.
oznam0078;Ali ukončil léčbu, protože se cítil zneužívaný.
oznam0079;A herec znovu nevydrží mlčet.
oznam0080;Cílem projel s pěstí zaťatou do triumfálního gesta.
oznam0081;Dalším problémem vegetariánství je železo.
oznam0082;A když ne, máme přece v rukávě trumfy.
oznam0083;Cestující musí počítat s další tramvajovou výlukou.
oznam0084;Belgický chlapec ujel s tramvají.
oznam0085;Výtvarník, architekt, fantasta, ekolog, filozof, provokatér, světoběžník.
oznam0086;Situace jak politická, tak ekonomická, zahraničněpolitická.
oznam0087;Nedopustíme ani nacionalismus, ani antisemitismus, ani rusofobii.
oznam0088;Americký miliardář, přezdívaný Nájezdník, si vyhlédl další oběť.
oznam0089;Rodiče výjimeční, mrtvi bohužel, hýčkali ho, jedináčka.
oznam0090;Výborný fotbalista, spousta kamarádíčků, takže i trochu průšvihář.
oznam0091;Dávám přednost menším prostorám, které jsou přátelštější, osobnější.
oznam0092;Vyrovnané utkání, soupeř byl techničtější, my bojovnější.
oznam0093;Soupeř vyhrál zaslouženě, byl rychlejší, důraznější.
oznam0094;Bojové umění, třeba jako Jirka Šlégr, vůbec nedělám.
oznam0095;Pokud půjčku, tak novomanželskou, zvýhodněnou.
oznam0096;Dálkově vystudoval angličtinu a češtinu, později i švédštinu.
oznam0097;Sama však, jako žijící, nemůže být blahořečena.
oznam0098;Byl osobností, kterou nemohl nikdo přehlédnout, natož ignorovat.
oznam0099;Nebylo to něco hrůzného, jenom zatraceně nepříjemného.
oznam0100;Je potěšující, že politické tlaky nejsou všeurčující.
oznam0101;Je jiskrné, dobře točené, samotným výčepním hýčkané.
oznam0102;Sjíždělo se tam všechno, pervitin, heroin, rozpouštědla.
oznam0103;Japonci, Číňané, Vietnamci, Egypťané, Indové, i třeba Češi.
oznam0104;Nepochybně měl na mysli tu zahradníčkovskou, křesťanskou.
oznam0105;Klesá však podíl průmyslu potravinářského, textilního a kožedělného.
oznam0106;Chtějí chránit svou řeč hlavně před angličtinou.
oznam0107;To je dnes sen těch nejctižádostivějších.
oznam0108;A připouští, že má rád i pochlebování.
oznam0109;Dovolená bude v jižních Čechách, samozřejmě s rodinkou.
oznam0110;Výstava představuje fotografii, nikoli však pouze fotografy.
oznam0111;A vraky automobilů, které byly zničeny při přestřelkách.
oznam0112;Vznikají nové úřady, přicházejí další šéfové.
oznam0113;Připouští, že si obojí mohl atletický klub vypůjčit.
oznam0114;Babička, tehdy malé děvčátko, pozorně naslouchala.
oznam0115;A to nejen autobiografické.
oznam0116;Na Kordu vletěl soustředěnou, sebevědomou hrou.
oznam0117;Informace, které Babickij přinášel, nebyly, umírněně řečeno, pravdivé.
oznam0118;Hrajeme na dvě vítězství, jak oznámil obránce Jiří Šlégr.
oznam0119;Ministr měl těžký průběh chřipky, způsobený nedostatečnou léčbou.
oznam0120;Následovalo další prodloužení, vítězný gól, pohár a ovace.
oznam0121;Jsme vděční fanouškům, že nás několikrát podrželi.
oznam0122;Na opačném pólu výsledkové listiny kraloval Rakušan Horngacher.
oznam0123;EuroTel naopak tvrdí, že si své postavení udrží.
oznam0124;Objevil se na všech úřadech, v továrnách i v obchodech.
oznam0125;Najednou někdo řekl, že nejsme jenom chudinky.
oznam0126;Kdo ale může, odjíždí do sousedního Ingušska.
oznam0127;Další v pořadí Michal Doležal je až čtyřiačtyřicátý.
oznam0128;Buď mohl zvolit trenérské křeslo, nebo dráhu funkcionáře.
oznam0129;Asi jedno promile všude na světě, jak upřesňují psychologové.
oznam0130;To znamená složenkou, na fakturu, všemi platebními kartami.
oznam0131;Analytici soudí, že vyhlídky eura zůstávají nejisté.
oznam0132;Mohli jsme s opravami začít dřív, když nás upozornila dědička.
oznam0133;Piva mají své žebříčky, ocenění, výstavy i veletrh.
oznam0134;Byla to justiční vražda, ty kauzy jsou shodné.
oznam0135;Jen dvanácti Džumům se podařilo uprchnout.
oznam0136;Jiní tvrdí, že následovníci slavných autorů zanedlouho udeří.
oznam0137;Pro Škodu Auto zbylo osm procent tržeb.
oznam0138;Buď bude hrdina, nebo nula, jako Jágr.
oznam0139;Dopravní systém přestane fungovat, zásobování se zhroutí.
oznam0140;Tu určitě dodržíme, vysvětlí to mluvčí ministerstva Bohumil Plchot.
oznam0141;Aby ve stanu neumrzl, hýbal při spaní prsty.
oznam0142;Nikdo nám zatím neřekl, že je to podmínka.
oznam0143;Euro by mělo být v kompetenci pouze bankéřů.
oznam0144;Kvalitní úlovek se podařilo získat drnovickým funkcionářům.
oznam0145;Dáme góla, věříme si.
oznam0146;Tomu já neříkám gól, ale negól.
oznam0147;Jsem rozhodně proti veškerému dopingu, ale požaduji spravedlnost.
oznam0148;Chtěl jsem z auta, ale on mě držel.
oznam0149;Druhý je Jaromír Jágr, přestože ještě nedal gól.
oznam0150;Bylo by dobře, kdyby mu vydržela.
oznam0151;Jakkoliv to zní podezřele, dokonce zavrženíhodně, jsem kapitalistka.
oznam0152;Ať to jsou podnikatelé, špičkoví manažeři, zelináři nebo taxikáři.
oznam0153;Izraelský premiér o rozhovorech řekl, že byly užitečné.
oznam0154;Dali sice Barceloně dva góly, ale dostali čtyři.
oznam0155;Cestičky mezi Pekingem, islámskými státy a Moskvou ožívají.
oznam0156;Obrana nemluví, dáváme góly, ale hodně jich inkasujeme.
oznam0157;Cizinci, který se přiblíží, hrozí zadržení.
oznam0158;Uvedením Fabie byla dokončena modernizace nabídky Škody Auto.
oznam0159;Netrefili jsme branku, dali si polovlastní gól.
oznam0160;Nemají auto, netrpí neurotickou starostí o své zdraví.
oznam0161;Dnes už jsou obyvatelé Grónska z nejhoršího venku.
oznam0162;Do sestřihu zařadí technické prvky, které zakóduje.
oznam0163;Rozhodl gól proti Rusku a Šlégrův gól proti Kanadě.
oznam0164;Jezdil z toho Švédska autem, přes Plzeň.
oznam0165;Je to naprostý nesmysl, kategoricky se ohradil i Vlček.
oznam0166;Jelen sice utekl, ale později zraněním podlehl.
oznam0167;Zraněni byli Američanka, Brit a Australan.
oznam0168;Jediné, co jim zbývá, je automat.
oznam0169;Pak utekl, aniž si peníze odnesl.
oznam0170;A on uplivl, chtěl pobavit čtenáře.
oznam0171;Bandité ukořistili čtyři auta, tři kamiony a motocykl.
oznam0172;Ale hrdinka, bývalá modelka, se nedá zlomit.
oznam0173;Góly sice dáváme, zároveň ale hodně inkasujeme.
oznam0174;Je to strašná džungle.
oznam0175;Mluvil tam nějaký blb, papaláš, prostě blbec.
oznam0176;Analogie je to sice drsná, ale funguje.
oznam0177;Představí osobní auta, motocykly i různé doplňky.
oznam0178;Jsem srdcař, který občas vstřelí nějaký ten gól.
oznam0179;Mluv, ty hajzle, chovej se džentlmensky.
oznam0180;Stěžejní jsou postavy, dějová linie a hlavní myšlenka autora.
oznam0181;Byl bych asi nervózní, kdybychom jenom vyhrávali.
oznam0182;Důvody, proč to tak je, lze hledat leckde.
oznam0183;Stačil by jeden usměvavý chorvatský Dzurinda.
oznam0184;Tomuto hledisku nemohl být vzdálený ani sám Dzurinda.
oznam0185;Hledal jiné autority, jiné hodnoty.
oznam0186;My, neromská většina, jsme gádžové.
oznam0187;Firma se bude zabývat opravami a modernizací tramvají.
oznam0188;Nastalo oslabení vlivu Václava Klause.
oznam0189;Cílem bývají hlavně auta, pokud možno luxusní.
oznam0190;Důvodem je nadšení z hladkého startu eura.
oznam0191;Fascinovala ji symfonická hudba.
oznam0192;Domácí práce dělala po nocích, usínala v tramvaji.
oznam0193;Dvořákovy Symfonické variace jsou symbolem domácích tradic.
oznam0194;Ale on nepřijel, zabil se v autě.
oznam0195;Bankrotují jen vytunelované banky, viz dále tunelování.
oznam0196;Buď jsme souborem neuronů, anebo jsme nesmrtelní.
oznam0197;Celou zemi zachvátila hokejová euforie.
oznam0198;Jako kapitán přivedl tým k triumfu.
oznam0199;Druzí označovali prvé šmahem za osmašedesátníky.
oznam0200;Na základě zhodnocení všech údajů je stanovena léčba.
oznam0201;Bylo jich sedm.
oznam0202;Cenné vítězství získali pardubičtí plavci už po osmnácté.
oznam0203;Nelze vyloučit, že škrty pocítí i samotná léčba.
oznam0204;Její rozhodnutí vyvolalo v řadách rozklíženého kongresu euforii.
oznam0205;Informoval o tom evropský statistický úřad Eurostat.
oznam0206;Údajně dokonce vytvořil za tímto účelem oddíly kamikadze.
oznam0207;Kvůli vlastní závislosti na morfiu musel podstoupit léčbu.
oznam0208;Tedy pro euro, americký dolar a japonský jen.
oznam0209;Zase moralizujeme, to umí leckdo.
oznam0210;Exploze zničila osobní auto, garážová vrata a omítku.
oznam0211;Příjmy vzrostly o sedm, výdaje dokonce o osm miliard.
oznam0212;Akciové trhy obecně zůstávají volatilní a velmi nervózní.
oznam0213;Filmů natočil od sedmdesátých let celkem sedm.
oznam0214;Alespoň tak nás krmil při zavádění dovozních kvót.
oznam0215;Bohužel máme problémy vstřelit gól, chybí nám štěstí.
oznam0216;Jenže, když je lidem osmdesát, musí plánovat opatrně.
oznam0217;Celkem jich má sedm.
oznam0218;Jú, tramvaj, a veze hlouček dětí.
oznam0219;Čím starší autobus, tím dražší provoz.
oznam0220;Liší se přitom jak cenami, tak nabízeným komfortem.
oznam0221;Dochází proto ke dvěma možným variantám.
oznam0222;Když vyhořelo, dělal průvodčího v pražské tramvaji.
oznam0223;Co se týče léčby, patří do rukou lékaře.
oznam0224;Ale hraje se na góly.
oznam0225;Ačkoliv fúzi již několikrát zamítl, včera změnil názor.
oznam0226;Byla to doba dlouhých sól, experimentů a improvizací.
oznam0227;Japonským skokanům na lyžích se říká kamikadze.
oznam0228;Jako první z odborníků většinou nastoupí dětský neurolog.
oznam0229;Doležal, po prvním kole osmnáctý, nepřestal doufat.
oznam0230;Pavel Richter, světový šampion pětaosmdesátého, odpoledne dospával.
oznam0231;Vstáváme asi v sedm, musíme vše připravit.
oznam0232;Ač odkojený Vltavou, má také slovenské občanství.
oznam0233;A měl by ho natočit nejlépe Igor Chaun.
oznam0234;Doprovodí je Symfonický orchestr Českého rozhlasu.
oznam0235;Aby cíle dosáhl, musí mít výsledky.
oznam0236;Brát heroin se stává novou módou, symbolem postavení.
oznam0237;Dát gól, byl by zřejmě rozhodující.
oznam0238;Oba vyžadují určitý komfort, Farář i Ulrich.
oznam0239;Indové versus Fidžijci.
oznam0240;A já jsem se nakazil tuberkulózou.
oznam0241;Byl vysoký asi metr osmdesát.
oznam0242;Hlavní rezervní měnou by se stalo euro.
oznam0243;Dalšího mnicha například přejede džíp.
oznam0244;Další triumf má na svém kontě český hokej.
oznam0245;Čerte, odnes si Klause, zlobí.
oznam0246;Celý tvůrčí tým je však osmdesátičlenný.
oznam0247;Minulá verze zákona vytvářela dost nepřehlednou džungli.
oznam0248;Je to méně než typický neuron.
oznam0249;Dirigovat symfonii bylo velkolepé.
oznam0250;Dáme góla, dáme ho doma.
oznam0251;A městské divadlo má k dispozici podnikové auto.
oznam0252;Americkými kiny otřásá v posledním týdnu obnovená dinosaurománie.
oznam0253;Vnímat širší souvislosti věcí dokáže ovšem leckdo.
oznam0254;Přiznal to včera slovenský premiér Mikuláš Dzurinda.
oznam0255;Ale zpět k Václavu Klausovi.
oznam0256;Ale není to úplně obyčejný autobus.
oznam0257;Dobře připravených hráčů je tady sto dvacet osm.
oznam0258;A za všechno mohl zub číslo osm.
oznam0259;Bylo jasné, že kdo dá gól, zvítězí.
oznam0260;Ale další tréninky, to bylo o něčem jiném.
oznam0261;A navíc Chvalovský dostal už druhý laciný gól.
oznam0262;Brzy po svatbě požadovali Aslanovi rodiče džahez, věno.
oznam0263;To jsou hlavní nedostatky Mikuláše Dzurindy.
oznam0264;Co písmenko, to statisíce dolarů.
oznam0265;Byla to hra vabank, ale vyšla.
oznam0266;Česká výprava je osmnáctičlenná.
oznam0267;Engeho výsledky sledovali pozorovatelé týmu Džordn.
oznam0268;Mezi zaměstnanci byl největší zájem o tramvaje.
oznam0269;František si zoufá, že to byl hotový blankyt.
oznam0271;Dva mladíci zbili řidiče tramvaje, který je káral.
oznam0272;Byly to zbytečné góly, což podotkl i kouč.
oznam0273;Investoři na tuto situaci reagovali prodejem eura.
oznam0274;Byl spíše jako Klaus, zažraný liberálně, ultrakapitalistický člověk.
oznam0275;Vdala jsem se v osmnácti, musela jsem.
oznam0276;Čeká asi na nějakou euforii, která by měla nastat.
oznam0277;Blbou náladu vystřídala nadšená euforie.
oznam0278;Do čela země byl pak pučisty povolán Ševardnadze.
oznam0279;Opravujeme však i třicetileté tramvaje, neboť si stěžoval ředitel.
oznam0280;Jako příklad lze uvést třeba týdeník Euro.
oznam0281;A jako člověk, který hodně dokázal, má autoritu.
oznam0282;Jste znám jako odpůrce společné evropské měny euro.
oznam0283;A eura silnějšího, než je milé.
oznam0284;Letos evidujeme asi pět napadení řidičů tramvají.
oznam0285;Až do jeho třiaosmdesáti tomu nevěřil.
oznam0286;Abych pravdu řekl, nemám pocit žádné satisfakce.
oznam0287;Maličkost, to si řekne leckdo.
oznam0288;Aby jim řekl, proč se to stalo.
oznam0289;Češi dali první gól, ale nedaří se jim.
oznam0290;Druhým je tramvaj, kterou jezdí čtyřiačtyřicet procent lidí.
oznam0291;Albatros právě vydává jeho další titul Haló.
oznam0292;Bylo mu asi osmatřicet.
oznam0293;Letenští vědí, že jsou blízko velkého triumfu.
oznam0294;Autorská práva však patří Langovi, který akci vypracoval.
oznam0295;Řada příslušníků německých šlechtických rodů v Čechách zdomácněla.
oznam0296;Zaplať pánbůh aspoň za jeden, na víc nemáme.
oznam0297;Drgáč jim totiž razantně boural pohodlné stereotypy.
oznam0298;Optimismem před dvojutkáním hýří malenovický trenér Petr Laščák.
oznam0299;Holanďan není zjev ďábelský, nýbrž symbol trpícího člověka.
oznam0300;Rovněž odmítl rozšiřovat spoluúčast pacientů na léčbě.
oznam0301;Otec, herec, totiž získal angažmá v plzeňském divadle.
oznam0302;Potom trénink v bazénu, dvakrát sauna a večeře.
oznam0303;První sezónní tajfun zasáhl západní oblast Tichého oceánu.
oznam0304;Nelze obhajovat žádné útoky, jejichž oběťmi jsou civilisté.
oznam0305;Barak nicméně odchod z Golan nikdy nevyloučil.
oznam0306;Za hosty skórovali Klofáč a Suchý.
oznam0307;Prodávají se dokonce i chřestýší žlučové měchýřky.
oznam0308;Italové jsou katastrofou a jejím rozsahem rozhořčeni.
oznam0309;Právě Pucher je zatím nejproduktivnějším mužem Znojma.
oznam0310;Kalvodův výrok nepovažuji za příliš šťastný.
oznam0311;Druhou rovinou je sám život v Íránu.
oznam0312;Láďa je náš reprezentační holič.
oznam0313;Kožený dostal zálusk na ázerbájdžánská ropná pole.
oznam0314;Jakmile nastává konec jara, přichází čas zvláštního rituálu.
oznam0315;Nejvyšší životní úroveň teď v Gruně mají penzisté.
oznam0316;A nejen ji, i Péťu.
oznam0317;A právě takovou pomoc by měl Petrklíč poskytnout.
oznam0318;Téměř půl tisíce figurek pak vyřezal Ondřej Rešl.
oznam0319;Bůh žehnej Americe.
oznam0320;Tím hihňáním totiž zakrýval své pravé jádro.
oznam0321;Nekonečným debatám nakonec finský lyžař učinil razantní přítrž.
oznam0322;Šampaňské ať teče proudem, korbele výš.
oznam0323;Bůhví proč, když přístup byl velkorysý.
oznam0324;Zástupci jednotlivých ministerstev nechtějí nový návrh nijak komentovat.
oznam0325;Jeho letoun byl v téměř devadesátistupňovém náklonu.
oznam0326;V těch chvílích jsme totiž Vsetín jasně přehrávali.
oznam0327;Tento paranoidní scénář je opravdu paranoický.
oznam0328;Ministr odmítl hovořit o ztrátách jugoslávských ozbrojených sil.
oznam0329;Šéftrenér Rázl měl i jinou připomínku.
oznam0330;Videozáznam prokázal, že kotouč do branky kopl Hlaváč.
oznam0331;Paušál nepovažuji za super problém.
oznam0332;Hlavní příčiny nebyly v makroekonomické sféře.
oznam0333;Každý obdrží téměř milion korun.
oznam0334;Nejtvrdší postoj zaujal ingušský prezident generál Ruslan Aušev.
oznam0335;Vždyť zároveň přispívají na záchranu cizího podniku.
oznam0336;Nejblíž čtyřce je Olomouc a Slavia.
oznam0337;Oficiálním zadavatelem výstavby je Lexův otec, Vladimír Lexa.
oznam0338;Nezletilí svědci, kteří mě obviňují ze zneužívání, lžou.
oznam0339;Informativních, nedůkazních výslechů se ovšem obhájci účastnit nemohou.
oznam0340;Jó, a v srpnu povedeš nároďák ve Švýcarsku.
oznam0341;Pravicové strany vystavily návrh zdrcující kritice.
oznam0342;Kurva, Holube, pískej ty fauly.
oznam0343;Dyť uvidíš, svině, jak ti zprznim ksicht.
oznam0344;Ani Romům v holobytech zeď vadit nebude.
oznam0345;Navrhují také alianci způsob ukončení konfliktu v Jugoslávii.
oznam0346;Chtějí mladé tělo, malé chlapce.
oznam0347;Ministr Fencl zdůvodňuje zvolený postup zájmy státu.
oznam0348;Alžírští představitelé nicméně tato obvinění vyvracejí.
oznam0349;Tento paušál by musely platit všechny zdravotní pojišťovny.
oznam0350;Druhý muž, v dlouhém béžovém kabátě, přitakal.
oznam0351;Někdy je lepší než falešné slaďoučké cukrbliky.
oznam0352;Nejbližší období pro něj nejspíš nebude jednoduché.
oznam0353;Přes opakované výzvy neposkytl Švach žádné stanovisko.
oznam0354;Jiří Menzel je pozoruhodný režisér a pozoruhodný člověk.
oznam0355;Dálniční obchvat, Zemanův kufřík, bílý kůň, stávková pohotovost.
oznam0356;Donedávna byl moderátorem Radiofóra Českého rozhlasu.
oznam0357;Řval jsem akorát na maséry.
oznam0358;Ani v morálně rozhořčených Lidových novinách.
oznam0359;Kosovský konflikt se ocitl ve slepé uličce.
oznam0360;Měli jsme z něj chvílemi trauma.
oznam0361;Inaugurace ukončila vládu Kuomintangu.
oznam0362;Alkohol je spolu s nikotinem nejrozšířenější drogou.
oznam0363;Když podruhé podával ruku Mečiarovi, dav řval.
oznam0364;Angažmá dostala v Klicperově divadle v Hradci Králové.
oznam0365;Arcibiskup Graubner je na Moravě velmi oblíben.
oznam0366;Hele, támhle šťouchá autorka do své kamarádky.
oznam0367;Návrh zákona navíc řeší otevírání fondu velmi vágně.
oznam0368;Zdědili jsme Augiášův chlév.
oznam0369;To kouč Chovanec ctí jednoduchou, ale nesmlouvavou zásadu.
oznam0370;Step vůbec žije už léta převážně z nadšení.
oznam0371;Kouč Vojtěch Mareš nabídl rezignaci.
oznam0372;Adrenalinoví feťáci jsou z jiné látky než my.
oznam0373;Podobně jako Srbsko jakžtakž odolává prohnilému kapitalismu.
oznam0374;Bez slitování a v co nejkratší lhůtě.
oznam0375;Šlo o podnik, kde to tuto noc žije nesrovnatelně divočeji.
oznam0376;Přesná čísla politických vězňů nejsou k dispozici.
oznam0377;Jan Měchýř přichází s originálnějším řešením.
oznam0378;Buržousti si podávali ruce a smáli se.
oznam0379;O čtyřminutovou přesilovku se ale připravila zbytečným faulem.
oznam0380;Reportér Hanuš Hanzlík výpověď stáhnul.
oznam0381;Bývalý kancléř Jan Kněžínek odmítl Pelantův postup komentovat.
oznam0382;Až když řidič spustil klakson, mohl jet dál.
oznam0383;Podotkl, že kampaň zaplatí mezinárodní asociace scientologů.
oznam0384;Výborně zahráli Pešl a Polák, který neudělal chybu.
oznam0385;Ale aspoň vím, kde je domov můj.
oznam0386;A chytré hlavičky našly další fígl.
oznam0387;Považovali to za kýč, rozmary génia i nudnou veteš.
oznam0388;A on nějak žuchl dolů, rozbil si hlavu.
oznam0389;Dóm je svou koncepcí velkolepý.
oznam0390;Včera však vládla na Žofíně smířlivá nálada.
oznam0391;Asi mi teď nic jiného nezbývá.
oznam0392;Ani po letech nevyčpěla pachuť diletantství.
oznam0393;Čím hůř, tím líp.
oznam0394;Dosavadní vývoj jej však usvědčuje z přehnaného optimismu.
oznam0395;A proto si teď zahrajeme pár spirituálů.
oznam0396;Jeden ředitel nemocnice to trefně nazval akčním výborem.
oznam0397;Ale především shromažďoval lidské příběhy jako svědectví.
oznam0398;Zvláštní kapitolou je ostravský špílmachr Radek Slončík.
oznam0399;Přístup Motoinvestu se změnil.
oznam0400;Ale byl jste dvaadvacátý na světě.
oznam0401;Člověk chycený s drogou.
oznam0402;Lidem se proto vyplatí kupovat kávu zrnkovou.
oznam0403;Důležitost pátého duelu si čtyřnásobný mistr příliš nepřipouští.
oznam0404;Snad přijde alespoň deset tisíc diváků.
oznam0405;Ať lidé hledají odpověď v sobě.
oznam0406;Sedm center moci se nachází v Tádžikistánu.
oznam0407;Astronauti k opravě potřebovali tři výstupy do vesmíru.
oznam0408;Úroveň našich novin je malá.
oznam0409;Nebude to povodňová daň, ale možná daň mimořádná.
oznam0410;Vždyť ho budu mít u sebe jen chvíli.
oznam0411;Nechme ale stranou případy zištných guruů.
oznam0412;Nová huť chce zavést německý model řízení.
oznam0413;Dostal bych alespoň šest sedm let.
oznam0414;Šok způsobila výpověď v pořadí čtvrtého obžalovaného.
oznam0415;Odhadněte hmotnost hmyzu na Zemi v tunách.
oznam0416;Bílá vaječná skořápka, perleť, šampaňská růže, kouř.
oznam0417;Baštu velmi rozčílilo, že jej chce policie stíhat.
oznam0418;Názor, že dětský trh se zpožďuje, již neplatí.
oznam0419;Tvrdí to alespoň exilová íránská opozice.
oznam0420;Obviněný tehdy údajně zastřelil sedm židovských vězňů.
oznam0421;Nechci lovit sociálnědemokratického medvěda v ódéesáckém lese.
oznam0422;Jiří Baumruk si však vzal čas na rozmyšlenou.
oznam0423;Za jeho obsah by mělo odpovídat Národní muzeum.
oznam0424;Nemůže být tlučhubská.
oznam0425;Chcípl ten lev, který byl na něčí straně.
oznam0426;Agresivní dav ji naopak téměř zlynčoval.
oznam0427;Buď jak buď, Aurora je krásná loď.
oznam0428;I na půdě vlády mohou padat urážlivá slova.
oznam0429;Zvlášť Kováč reagoval na rozsudek emotivně.
oznam0430;Odmítl však chyby blíže upřesnit.
oznam0431;Tanker Mozart pokřtilo Labe ve Valtířově.
oznam0432;Lidé často říkali, že Palcr je někdo.
oznam0433;Alespoň pro mnoho Čechů.
oznam0434;Celosvětovou razii koordinuje britská policie.
oznam0435;Úrazy a otravy zabíjejí více mužů než žen.
oznam0436;Zároveň však odmítl říci další podrobnosti.
oznam0437;Jestli je vinen, ať ho zavřou.
oznam0438;Buď loudí, nebo by aspoň něco vyměnili.
oznam0439;Kufříkář Miloš Zeman si prostě nemůže pomoct.
oznam0440;Světlo do případu tajemných mecenášů tím ovšem nevnesl.
oznam0441;Je to proto, aby se mu neošoupaly pneumatiky.
oznam0442;Během pár vteřin lze změnit i směr řazení.
oznam0443;Neměl ani zrnko podezření.
oznam0444;Bergman totiž řeší věci blízké každému.
oznam0445;Pan ředitel v něm uvedl řadu zkreslujících tvrzení.
oznam0446;Nakonec však rozhodl gól soupeře v nastaveném čase.
oznam0447;Ani teď, když se píšou různé programy.
oznam0448;Sklizeň cukrové třtiny probíhá od června do prosince.
oznam0449;Místo na televizi se večer dívají na bouřku.
oznam0450;Éra zcizování končí, nastává éra pábení.
oznam0451;Dokáže zabránit vzniku depresí a psychóz.
oznam0452;Do městské pokladny natečou téměř dva miliony dolarů.
oznam0453;Často chodím do toho na říčce Vídeňce.
oznam0454;Vladimír Mišauer zatím neví, zda podá trestní oznámení.
oznam0455;Asi ale teď dostane dost tvrdou školu.
oznam0456;Byly to jen ženy a děti, skoro žádný chlapec.
oznam0457;Jako nejžhavější kandidáti se rýsují dva princové.
oznam0458;Beránka vlku se zachtělo.
oznam0459;Ať žije stránka.
oznam0460;Ať už k dobrému, nebo k zlému.
oznam0461;Dovnitř vchází svátečně vystrojený postarší pár.
oznam0462;Osm z nich začalo v uplynulém desetiletí soptit.
oznam0463;A teď na něho ta metamorfóza zase přichází.
oznam0464;Čekanův postup považuje fond za neseriózní.
oznam0465;Knotek k divákovi promlouvá detailem i celkem zároveň.
oznam0466;Jen pojďte, až do samého konce.
oznam0467;Olomouc zároveň rozhodla, že případ patří pražským žalobcům.
oznam0468;A statečnýmu pošťákovi vystrojili nóbl pohřeb.
oznam0469;Dobu léčby si zatím netroufl odhadnout.
oznam0470;Jinak se teď nedá nic dělat.
oznam0471;Chytil Mišauera a nadzdvihl ho nad zem.
oznam0472;Proč ne, ovšem jen když jde o angínovník.
oznam0473;A nyní je samo toto vyšetřování předmětem vyšetřování.
oznam0474;Alexandr Lebeď by rád dobrovolně odešel na Sibiř.
oznam0475;Bergmanův otec chtěl zlomit vzpurný odpor synů.
oznam0476;Návštěvníky krušnohorského Bouřňáku čeká slunečné počasí a obleva.
oznam0477;Máme možnost volby, byť jen vnitřního postoje.
oznam0478;Aero nechce tentokrát offsetovou nabídku podcenit.
oznam0479;Jednotlivé části měly vnitřní napětí, projevované tempovou gradací.
oznam0480;A opět se změnila tónina.
oznam0481;Informoval o tom tiskový mluvčí společnosti Vladan Crha.
oznam0482;Akcie stavebnictví postihl pokles trhu obzvlášť citelně.
oznam0483;Talibanská verze islámu je blízká saúdskoarabské.
oznam0484;Magistrátní inventář neutrpěl díky zásahu policistů škodu.
oznam0485;Ke státnímu rozpočtu se téměř nevyjadřuje.
oznam0486;Bohužel již téměř měsíc čekám na pojistnou smlouvu.
oznam0487;Budapešťští filharmonikové se choulostivé partitury zhostili se ctí.
oznam0488;Životní úroveň nás i našich dětí a vnuků.
oznam0489;Ale úplně zadarmo kancléř tyto požadavky neodepsal.
oznam0490;Dóm je prázdný.
oznam0491;A mám-li pochybnosti, říkám je nahlas.
oznam0492;Řidič škodovky ujel.
oznam0493;Přesto jsou naše těla při samoúdržbě celkem úspěšná.
oznam0494;Ano, pro Suez pracujeme.
oznam0495;Analýzu však zpracoval celý tým analytiků Grossova regionu.
oznam0496;Na provizorní pódium přichází znovu Igor Chaun.
oznam0497;Zraněný muž byl podle policie zaklíněn uvnitř domu.
oznam0498;I tak ale dosahují alespoň dílčích úspěchů.
oznam0499;A přece se uvnitř změnila jen málo.
oznam0500;Hinduisté například dodnes považují za posvátné zvíře krávu.
oznam0501;Alespoň v demokracii podobného typu, jaký zde máme.
oznam0502;Ani krok teď neudělají slovenští reprezentanti bez berlí.
oznam0503;Komunikace v této minioblasti je asi nejméně problémová.
oznam0504;Chtěl, aby na akademické půdě pokračovalo kvalitní bádání.
oznam0505;Aranžérka z Ostravy ozdobí strom pro papeže.
oznam0506;Ale tohle prostě partaj dělat nemůže.
oznam0507;Byl to většinou převzatý repertoár.
oznam0508;Brankář Hašek ovšem nepustil ani ránu.
oznam0509;Ale nekřičme hurá.
oznam0510;Dar od Mlejnkové na čtyři severočeské podnikatele.
oznam0511;Mravní imperativ říká, že ho musejí zabít.
oznam0512;Teoreticky samozřejmě může Šrejber říct.
oznam0513;Třebíčští silničáři dokonce požádali o pomoc armádu.
oznam0514;Což by dokazovala románská okénka v obytné věži.
oznam0515;Již osm zápasů v extralize neprohráli hokejisté Litvínova.
oznam0516;Pokud encyklopedie směřuje ke čtenáři laickému, budiž.
oznam0517;Každej by měl dávat aspoň špetku, kterou má.
oznam0518;Gymnázium původně vzniklo při jezuitské koleji v Klementinu.
oznam0519;Armáda není oázou vlastenectví.
oznam0520;A laťka žánru je tak proklatě vysoko.
oznam0521;Alespoň že v prodloužení se hrál normální hokej.
oznam0522;Ať si to mezi sebou vyříkají či vytlučou.
oznam0523;Ale kvůli vlastní nemohoucnosti ji nevyužil.
oznam0524;Osm vězňů zemřelo při vzpouře v Turecku.
oznam0525;Asi sedm tisíc.
oznam0526;Suhartův klan nevlastní rozlehlé souostroví úplně.
oznam0527;Ale já jsem toho nikdy nevyužil.
oznam0528;Nie sme Češi.
oznam0529;A Klaus chtěl privatizovat téměř všechno kuponovou metodou.
oznam0530;Česká spořitelna se považuje za banku drobných střadatelů.
oznam0531;Dalším rizikem jsou mořští živočichové.
oznam0532;Dokud nebude spokojen, jednání se neuzavřou.
oznam0533;Kolektiv vedli už včera ráno na prvním tréninku.
oznam0534;Dnes tu není téměř k hnutí.
oznam0535;Pražský dům fotografie se přestěhoval.
oznam0536;Chybějí čestné lóže.
oznam0537;Domobranu nuselských obyvatel však zároveň Hermann odsoudil.
oznam0538;Aut na silnicích asi teď neubude.
oznam0539;Čečenští velitelé mají v úmyslu utéct do Kosova.
oznam0540;Ani zvýšení spotřební daně nemá téměř žádnou šanci.
oznam0541;Náš nejlepší zpravodaj uměl sedm jazyků.
oznam0542;Na obraze použil sedm výtvarných technik.
oznam0543;Mezi vzestupy nechybí ani akcie Chemopetrolu a Kaučuku.
oznam0544;Chceme hrát rychle a Olomouc hraje podobně.
oznam0545;Je to problém nás, gádžů, nás, majority.
oznam0546;Tři glóby v přihrádce seriálů dostala novinka Praxe.
oznam0547;Dzurinda zklamal čtyři z pěti Slováků.
oznam0548;Albánští povstalci zajali osm srbských vojáků.
oznam0549;Gauner a hovada.
oznam0550;Režisér zvolil muzikálový žánr.
oznam0551;Basketbal je hra mužů černé pleti.
oznam0552;Akrobat Biskup se stal mistrem světa.
oznam0553;Takovým kňouravým vyčítáním se toho ovšem moc nespraví.
oznam0554;Bezpečnostní vakuum vzniká v mnoha oblastech Východního Timoru.
oznam0555;Tak ho alespoň charakterizoval František Palacký.
oznam0556;Dyslexie představuje jen dolní konec škály.
oznam0557;Kromě vystupování s jazzovými kapelami komponuje baletní hudbu.
oznam0558;Alespoň bude naše země mobilnější.
oznam0559;Bratr jde do obchodu.
oznam0560;Jazzová improvizace vychází z lidského přístupu.
oznam0561;Záměry chovatelů vepřů však překazila policie.
oznam0562;Azyl jich ročně dostane jen osm procent.
oznam0563;Během jejich pobytu na ledě Valaši sedmkrát inkasovali.
oznam0564;To se povedlo a Broum vstřelil rozhodující gól.
oznam0565;Demagogickou kampaň ruských médií již neobhajuje snad nikdo.
oznam0566;Tak aspoň chtějí po státu omluvu a odškodnění.
oznam0567;Inscenace je plná písniček, které zhudebnil Tomáš Kořének.
oznam0568;Česká droga zahltila Bavorsko.
oznam0569;A které, jak řekl, jsou tajné.
oznam0570;Na využití meziúvěru nemají účastníci spoření právní nárok.
oznam0571;Avizované pokračování textu už ale uvnitř listu nebylo.
oznam0572;Proti nadměrným dešťům nejsou podle Fencla pojištěni vůbec.
oznam0573;Souhra je založena na zautomatizovaných vazbách.
oznam0574;Ať chceme, nebo ne.
oznam0575;Landau utrpěl zlomeniny spodiny lebeční, pánve, mnoha žeber.
oznam0576;Policejní násilí se zkrátka nesmí stát samoúčelem.
oznam0577;Řekl to ředitel věznice v Rýnovicích Bohumil Baudyš.
oznam0578;A nechci být Zemanovým pohůnkem.
oznam0579;Dnes je alespoň tento čin držen v zapomnění.
oznam0580;Co se týká potravin, kategoricky odmítá sójové maso.
oznam0581;A přitom celý svůj život zasvětila fotbalu.
oznam0582;Často je totiž chování spekulantů nevyzpytatelné.
oznam0583;Bleší trh hlídá jeden policejní automobil.
oznam0584;Činčerův proslulý Kinoautomat byl založen na spoluhře publika.
oznam0585;Biskup Bican byl uveden do úřadu.
oznam0586;Ale Halasův vztah k poetismu popsal myslím bystřeji.
oznam0587;Jsme multietnická společnost.
oznam0588;Brankář Hvězdy Janota mu však třetí radost nedopřál.
oznam0589;Bylo uděleno také osm čestných uznání.
oznam0590;Frašky kjógen do divadla mima logicky patří.
oznam0591;Jedni si stěžují, že jsou zahlceni prací.
oznam0592;Mezi deset nejdůležitějších prognóz patří však i problémy.
oznam0593;Bůh buď s tebou.
oznam0594;Menc zaostal za limitem.
oznam0595;Lhostejno, zda gadžů nebo Cikánů.
oznam0596;Dalších sedm jeho kolegů bylo zraněno.
oznam0597;Ale snažím se být alespoň lehce nadprůměrný.
oznam0598;Nova stvořila nový druh hvězd.
oznam0599;Dinosauři budou na výstavišti o víkendu naposledy.
oznam0600;Rovněž text je sestaven kaleidoskopicky.
oznam0601;Alespoň formálně od okamžiku nabídky čtyřkoalice občanským demokratům.
oznam0602;Občas se říká, že opera je mrtvý žánr.
oznam0603;Čtu ty knihy sedm týdnů.
oznam0604;Dalších sedm žadatelů na přidělení licence stále čeká.
oznam0605;Buď góly dáváme, nebo na ně alespoň přihráváme.
oznam0606;Ale pro černé pasažéry mám přece radu.
oznam0607;Bez uzardění pomluvil většinu tehdejších soudruhů a přátel.
oznam0608;Druhý je pilíř liberalizace.
oznam0609;Bývaly to čarodějnice, placatá země, uřknutí a podobně.
oznam0610;Na branku letěl míč čtrnáctkrát během zápasu.
oznam0611;Ne všichni si ale moře odepřou.
oznam0612;Vy jste část zdědila po uherských grófech.
oznam0613;Jinoch bude manažerem.
oznam0614;Izraelští technici dokáží vyrobit monočlánek o tloušťce papíru.
oznam0615;Chceme vybudovat víceúčelový charitativní dům.
oznam0616;Cynik řekne, že nemá.
oznam0617;Nejde o emotivní výbuch během utkání.
oznam0618;Číňané mysleli, že Slunce pohlcuje drak.
oznam0619;Druhý pokus, tentokrát na Václavském náměstí, dopadl lépe.
oznam0620;Měli nám to tehdy alespoň říci.
oznam0621;A daří se mu to veleúspěšně.
oznam0622;A to už chce, aby věděli.
oznam0623;Mlejnková se k celé věci odmítá vyjadřovat.
oznam0624;Je to teď trochu v módě, vím to.
oznam0625;Než jelcinizace, to raději Zeman.
oznam0626;Podle mého názoru dvouapůlnásobně či trojnásobně.
oznam0627;Její mládí bylo poznamenáno pádem Mandžuské říše.
oznam0628;Každej říká, nedívejte se na minulost.
oznam0629;A není to jen chyba hypotečních bank.
oznam0630;Potom se sešla uzavřená společnost, Škorpil, Hauzr, Kinský.
oznam0631;Ale pak už jej skolila zasloužená únava génia.
oznam0632;Posilovač řízení patří k tužším.
oznam0633;Ještě jednou, chcete-li mír, otevřte brány svých paláců.
oznam0634;Je to prostě věc cti každého žáka.
oznam0635;Nedokázaly totiž zdolat semifinálovou překážku, kralupský Kaučuk.
oznam0636;Navrch získaly romány sociální, přinejlepším politickosatirické.
oznam0637;Svátek mají Slavěna a Eulálie.
vyluc0001;Správně je tedy Euroland, nebo Eurolande?
vyluc0002;Myslíte svátky demokratické, nebo socialistické?
vyluc0003;Je to záměr, či neodpovědnost?
vyluc0004;Je to správné, nebo neodpovědné?
vyluc0005;Jeho naprostý nezájem o rodinu, nebo její nepřizpůsobivost?
vyluc0006;Těch s legitimací, nebo jen s přesvědčením?
vyluc0007;Je to bezděčné, nebo jde o autorský záměr?
vyluc0008;Nominoval sedm, nebo osm obránců?
vyluc0009;Je jejich existence sobecká, nebo úctyhodná?
vyluc0010;Je takový záměr dobrotivý, nebo naopak zvrhlý?
vyluc0011;Jde o ironii, nebo o zvláštní formu soužití?
vyluc0012;Biologové, či inženýři?
vyluc0013;Občanská společnost, nebo segregace?
vyluc0014;Umění, či móda?
vyluc0015;Upéct, či neupéct dohodu dopředu?
zjist0001;Budeme tedy neoficiálně hovořit o euráčích či euřenách?
zjist0002;Ale můžeme za to my gadžové?
zjist0003;Konkrétní transakce, které pan Rak zpochybnil, už prověřujete?
zjist0004;Ve zdravotnictví, v kultuře, ve školství?
zjist0005;Jste přesvědčena, že nynější vláda je neudržitelná?
zjist0006;Lze odhadnout, jak se zachovají jiní ruští představitelé?
zjist0007;Přejete si, pane Příhodo, podobné prostředí pro publicistiku?
zjist0008;Nebudeme tam za chudé příbuzné, šizené a utiskované?
zjist0009;Navíc bez jakékoliv jistoty jeho celistvosti a nezmanipulovanosti?
zjist0010;Myslíte cynismus, zbabělost, neumětelství?
zjist0011;Pronajímá se snad jiným pracovištím, aby se zaplatila?
zjist0012;Budu mít záznam, když špatně zaparkuji?
zjist0013;Donášeli na mne moji spolupracovníci?
zjist0014;Víte o něčem ještě bláznivějším?
zjist0015;Jde dohromady neposlušný úředník a Česká republika?
zjist0016;Mohl by srovnat svá účinkování?
zjist0017;Mohl byste být konkrétnější?
zjist0018;Můžete být konkrétnější?
zjist0019;Lze ponechat rozhodnutí o Temelínu odborníkům?
zjist0020;Věříte všemu, co vám poradenské firmy doporučují?
zjist0021;Jestli moje zpráva způsobila bombardování?
zjist0022;Například diváci, jsou náročnější?
zjist0023;A pronájmy státní půdy zemědělcům?
zjist0024;Existuje vůbec způsob, jak zabránit sponzorským aférám?
zjist0025;Dekonstruktivismus na jevišti, spojený s jakýmsi tajemným symbolismem?
zjist0026;Je to těžké, nesmírně těžké?
zjist0027;Bylo to spiknutí mafie a státních úředníků?
zjist0028;Uvažoval jsi roztržitě, kteří pak to asi budou?
zjist0029;Jsou to investice dlouhodobé?
zjist0030;A vidíte, jak náš dělostřelec perfektně objekt zasáhl?
zjist0031;A existuje vztah Rusů k Čečencům?
zjist0032;Je ministerstvo oprávněno utrácet peníze, aby pomohlo zločincům?
zjist0033;Právě to vás přivedlo k aranžované, instalované fotografii?
zjist0034;A Bělorusko jako možný soupeř ve čtvrtfinále?
zjist0035;Nebo je snad proboha metafyzické?
zjist0036;A nizozemští fanoušci?
zjist0037;Máme je proto zavrhnout?
zjist0038;Nebojíte se očekávání vašich fanoušků?
zjist0039;Cítíte se být fotografkou?
zjist0040;Budou školám chybět peníze od cizinců?
zjist0041;Dovádíte svou montáž až do současnosti?
zjist0042;Stojí mi to za to se takhle angažovat?
zjist0044;Budou tam ležet tisíce stížností?
zjist0045;Normalizátoři jsou i v okresním shromáždění?
zjist0046;Bude to ještě fungovat?
zjist0047;A případná ztráta svrchovanosti?
zjist0048;Utkvělo vám tehdejší nahrávání v paměti zvláštní příhodou?
zjist0049;Pomáhá vám to k soustředění?
zjist0050;Je těžké s nimi soutěžit?
zjist0051;Děje se v tom smyslu něco konkrétního?
zjist0052;Poslechne si někdy Amerika svého hrdinu?
zjist0053;Je největší problém Liberta, proč dnes grossovci mlčí?
zjist0054;Zlomí prokletí z pařížských dvorců Martina Hingisová?
zjist0055;Žijeme v džungli?
zjist0056;Není potřeba přitvrdit?
zjist0057;A mluví anglicky?
zjist0058;Ale šotek to nepsal, ten si jenom zařádil?
zjist0059;Skutečně to tak funguje?
zjist0060;A to vy jako zařídíte?
zjist0061;A zločinné dědky chceš dávat za mříže?
zjist0062;Ani tím jste nedráždil?
zjist0063;Nebo ještě lépe pořádek v Singapuru?
zjist0064;Bude nový díl klíčem k těm předchozím?
zjist0065;A konzultovali jste tento krok s nepřítomným předsedou?
zjist0066;Měl šanci dostat se z agonie?
zjist0067;Anebo že bychom Říčanovi křivdili?
zjist0068;Ale u ředitele?
zjist0069;Myslíte, že Lukašenko své slovo dodrží?
zjist0070;Ale euro je slabé, je to úspěch?
zjist0071;Bují černý trh?
zjist0072;A jste typ univerzálního nájemného ředitele?
zjist0073;Je to jen ve fungujících městských službách?
zjist0074;Mají takové akce v současné době nějaký smysl?
zjist0075;Jedná o zdanitelné plnění?
zjist0076;A celodenní náplň?
zjist0077;Byl jste nervózní?
zjist0078;A jestli mě znervózňoval?
zjist0079;A další kauzy?
zjist0080;Budete opět šokovat jako v Opeře Mozart?
zjist0081;Měl by odstoupit Václav Klaus?
zjist0082;Sledoval jste situaci okolo zlínských gólmanů?
zjist0083;Dává to nějaký zvláštní smysl?
zjist0084;Nebo mutovaní Euročeši?
zjist0085;Nebyli z toho lidé ve vaší firmě nervózní?
zjist0086;Jde to vyplnit?
zjist0087;V čem spočívala jejich ódovitost?
zjist0088;Byl jste při losu nervózní?
zjist0089;Už jste si někdy dal vlastní gól?
zjist0090;O co vlastně jde Klausovi?
zjist0091;Ale rozuměls tomu Klausovi?
zjist0092;Baví vás jezdit autem?
zjist0093;K zviditelnění autorů?
zjist0094;Byla to i pro vás dobrá sezóna?
zjist0095;Mám psát písničky naplno?
zjist0096;Čína má na každou zemi speciální kvóty?
zjist0097;A když sociální demokraté své sliby nesplní?
zjist0098;Může se tady člověk uživit jako sólista?
zjist0099;Je něco, co byste mu vytkl?
zjist0100;Do knihy s názvem Kdo zabil Václava Klause?
zjist0101;A má to vůbec smysl?
zjist0102;Budou zavedeny kvóty?
zjist0103;Odpoví tým z Edenu tajným trumfem?
zjist0104;Ale není to jen europocentrická iluze?
zjist0105;Nenese za to odpovědnost právě Václav Klaus?
zjist0106;Byl jste vůbec nervózní?
zjist0107;Bylo mu osmdesát?
zjist0108;Dokážete vůbec vychutnat detektivku jiného autora?
zjist0109;Neměl by si také objednat nějaký audit?
zjist0110;Byl to úmysl?
zjist0111;Ptala se na tiskové konferenci, kdo to řekl?
zjist0112;Máte kradené auto?
zjist0113;A není náhodou nejhůř už teď?
zjist0114;Jsou nějaké cesty k řešení?
zjist0115;A je to vůbec reálné?
zjist0116;Bude Kambodžanům stačit pouhá omluva hlavních aktérů genocidy?
zjist0117;Stane se další metodou hubnutí žvýkání žvýkačky?
zjist0118;A že je tady míň hvězd?
zjist0119;Dá se nějak vysvětlit debakl těch čtyř nominovaných?
zjist0120;Vydechl Vahař zkratku estébé?
zjist0121;Můžete alespoň říci, kolik kauz se prošetřuje?
zjist0122;Poletíš alespoň jako druhý pilot?
zjist0123;A kdybyste měla jmenovat alespoň některé své favority?
