dopln0001|$ proW z ZAnrovIx kategoriI zmizel jazz? $
dopln0002|$ !a co !uDelal s prEmiI !osmaCtiRicet TisIw dolarU? $
dopln0003|$ !ale probUh, # proW bi nemJelo bIt? $
dopln0004|$ !a proW bixom jim to nFmoZJili? $
dopln0005|$ !a proW bi k takovEmu !ovlivJeJI nemohlo dojIt? $
dopln0006|$ !ale proW bi nakonec nepQijal tak lAkavy nabItku? $
dopln0007|$ !a jakA je vUbew historie jeho JemeckEho !Uspjexu? $
dopln0008|$ na co sme misleli, # gdiS sme zaCali bombardovAJI? $
dopln0009|$ !a jak tedi vipadA realita na hRiSTi? $
dopln0010|$ jakI je smisl CtiQkoalice? $
dopln0011|$ !ale co je svjet CexovUv? $
dopln0012|$ gde je hRiSTe? $
dopln0013|$ !a co nAs vlastJe moTivuje g dalSImu vzDelAvAJI? $
dopln0014|$ !a co RIkal na vIkon rozhotCIx? $
dopln0015|$ !ale co Tex sedmdesAd devjed dalSIx? $
dopln0016|$ !a jakA kJISka bude ta pQISTI? $
dopln0017|$ !a gde sy nejlepSI !UtoCJIci minulEho roCJIku syTeZe? $
dopln0018|$ !a co na to RiDiCi? $
dopln0019|$ !afSak proW Delat vjeci poloviCaTe? $
dopln0020|$ !ale gdo ten svjet vlastJe SEfuje? $
dopln0021|$ !ale k Cemu to fSexno? $
dopln0022|$ !a co je na tom SpatnEho? $
dopln0023|$ !a co sy hlavJI vlAdJI hRIxi? $
dopln0024|$ !a co !osobnosTi tagzvanE kQiZnE? $
dopln0025|$ !a co si mislI !o smISenIx manZelstvIx? $
dopln0026|$ !a proC se mAm pQetvaRovat? $
dopln0027|$ !a jag Ze sme fstypili na meDiAlJI trh? $
dopln0028|$ !a na kolik si tak pQijdy? $
dopln0029|$ !a jakIm spUsobem se to dA posyDit? $
dopln0030|$ !a co higiena? $
dopln0031|$ !a gdo je tam teda generAlJI ReDitel? $
dopln0032|$ !a co sem jim pQivezl? $
dopln0033|$ !a jak to zaRIDit, # !abi nevihrAl ten prvJI? $
dopln0034|$ !a co na to centrAlJI baNka? $
dopln0035|$ !a co posledJI braNka? $
dopln0036|$ jakE sy moZnosTi lEWbi? $
dopln0037|$ !a jag biste dopadl? $
dopln0038|$ !a co CeskE baNki? $
dopln0039|$ !a co koNkurs? $
dopln0040|$ !a co budy plaTit po mE smrTi? $
dopln0041|$ !a CIm Ze to pQesJe mladI miJistr trpI? $
dopln0042|$ !a co rixlE pomrkAvAJI? $
dopln0043|$ !a co !obnASI bIt Clenem Ytoklubu? $
dopln0044|$ !a jag dlyho bude tento proces trvat? $
dopln0045|$ gdopak mA tu Cezd bIt prvJIm detekTivJIm Ytorem? $
dopln0046|$ jag hodnoTIte Cinnost koZenEho f !AzerbAjdZAnu? $
dopln0047|$ !ale co Yta? $
dopln0048|$ jakI smisl f tom spatQujete? $
dopln0049|$ !a proC fykA vItr? $
dopln0050|$ co se pag Deje z hrdosTI? $
dopln0051|$ !a jak se novozElanDanE !o pekACkovi dozvjeDeli? $
dopln0052|$ proC vUbec reagoval hrat tag histericki? $
dopln0053|$ proC, # gdiS si bude miJisterstvo svIm zDeleJIm jisto? $
dopln0054|$ !a co ten teD DelA? $
dopln0055|$ !a jaky to !UroveJ mA premiEr na misli? $
dopln0056|$ !a proC majI bIt CeSTI poliTici takto hAjeJi? $
dopln0057|$ co si to dovolujy? $
oznam0002|$ !uspoRAdal f TelocviCJe debatu studentU, # roDiCU !a pedagogU. $
oznam0003|$ dZordn popQel, # Ze bi !odmItl svUj slip splJit. $
oznam0004|$ domAcI zaskoCili sypeRe !odvahy, # rixlosTI !a !obDivuhodny stQelby. $
oznam0005|$ mimo ReDitele DelAm !i RiDiCe !a !UdrZbARe. $
oznam0006|$ kosofSTI srbovE tvrDI, # Ze mrtvIh bilo mnohem vIc. $
oznam0007|$ navIw dostal pokutu TisIw dolarU. $
oznam0008|$ nejvAZJejSI zdravotJI komplikace bjehem !oslaf posTihla tQiaCtiRiceTiletEho paraSuTistu. $
oznam0009|$ siNgl, # nebo debl, # to je marTiJe hiNgisovE jedno. $
oznam0010|$ na cestAh bili plnIx sedm let. $
oznam0011|$ lektoRi !URedJIki !uCI !aNgliCTinu, # JemCinu, # SpaJelSTinu !a francysSTinu. $
oznam0012|$ jeden z Jih dopadl do nejvjetSIho sIdliSTe vltava. $
oznam0013|$ na kQiZovatkAh RIzenIx poCItaCi dostAvajI traMvaje YtomaTicki pQednost. $
oznam0014|$ muS nevznesl ZAdnE poZadafki, # pohrozil fSag zabiTIm DeTI. $
oznam0015|$ !albAncUm takE tvrDI, # Ze francysSTI vojAci nadrZujI srbUm. $
oznam0016|$ !a gOlU pQibIvalo, # !aS jih bilo sedm. $
oznam0017|$ jako Clen klYsovIx vlAd RIkAm !ano. $
oznam0018|$ neeksistuje ZAdnE !ohroZeJI vZdi pQispUsobivIh ZidofskIx spoluopCanU. $
oznam0019|$ zDelil to ReDitel markeTiNgu pragobaNki vlaDimIr hamyz. $
oznam0020|$ !odeSlo !osmnAwd hrACU. $
oznam0022|$ projegd zAxrani ZidofskIx nAboZenskIx !objektU zaSTiTuje nadace DeDictvI. $
oznam0023|$ jistE je, # Ze holocYst vipadl s CeskIh Dejin. $
oznam0024|$ do smetanovi sIJe fpadl nefalSovanI siMfoJickI jazz. $
oznam0025|$ !aD Zije natOO. $
oznam0026|$ bjeda, # napsal teprve CtrnAwd RAdek. $
oznam0027|$ nejvjetSI pQekASki koNkurencesxopnosTi spatQuje stuDie !uvJidR ZelezJiCJIx !orgaJizacI. $
oznam0028|$ sy vzDelaJI, # dobRe vjeDeli, # Ceho se dopySTejI. $
oznam0031|$ !agrobaNka kypila plzeJsky baNku. $
oznam0032|$ celkem fuNgujI ve vlacIx, # JekterIx restYracIx, # !URadex. $
oznam0033|$ slapSI FrohospodAQstvI Frolandu spISe pomAhA. $
oznam0034|$ sedm bang bilo po prvJIm CtvrtleTI ve strATe. $
oznam0035|$ blSanskI gOlman se musel po lacinEm gOlu Cervenat. $
oznam0036|$ deSTovE pQehAJki nAhle vistQIdala sJehovA byRe fCetJe hromobiTI. $
oznam0037|$ TeSkI prUbjex !encefaliTidi, # tag zJela nekompromisJI DiagnOza. $
oznam0038|$ Fro nahraDI !obrofskI !objem dosavadJIh baNkovek !a mincI. $
oznam0039|$ stavebJictvI je nespolehlivjejSIm motorem, # rostACejIcIm sykolI nArodJIho hospodAQstvI. $
oznam0040|$ f saigonu jih bilo !asi sedm nebo !osm. $
oznam0041|$ doplJuje ji krAtkI videozAznam !o restYrovAJI Ytorova DIla. $
oznam0042|$ Deje se tak !u pQIleZitosTi simpOzia YtorskIx kJih. $
oznam0043|$ zejmEna !obDivovali nAboZenskE syZiTI buddhistU, # muslimU !a kQesTanU. $
oznam0044|$ !objem !opxodU dosAhl prUmJernIh hodnot syCasnIh dJI. $
oznam0045|$ lidE xTejI pQIjemnE zaxAzeJI, # pQIjemny !opsluhu, # pQIjemnE !URadi. $
oznam0046|$ !odborJIci !upozorJujI pQedefSIm na promiSleny !argumentaci !ultrapravicovIx stran. $
oznam0047|$ baNkovJI rada CeskE nArodJI baNki mA sedm ClenU. $
oznam0048|$ fSixJi CtvrtfinalistE !americkEho fodbalovEho pohAru !uS sy znAmi. $
oznam0049|$ xroJickA mieloidJI lFkemie tvoRI CtvrTinu fSex lFkemiI. $
oznam0050|$ berlInskA zeT padla !osm dJI pQet sedmnActIm listopadem. $
oznam0051|$ dvanAct z Jix jej jiZ dokonce skolYdovalo. $
oznam0052|$ dAvali sme nejvIw gOlU, # nejCasTeji stQIleli. $
oznam0053|$ je to !antologie syCasnIh ReckIx povIdeg dvaceTi YtorU. $
oznam0054|$ Ytomobilka Skoda strAti nemIJI vUbew zveRejJit. $
oznam0056|$ !odmItAm slovo FroskepTicismus !a FroopTimismus. $
oznam0057|$ jenZe yha, # triuMfuje Ytor naSI pravdi. $
oznam0058|$ mnohokrAt sem pQedhazoval variantu Fronaivismus !a Frorealismus. $
oznam0059|$ CekAJI na gOl skonCilo za !osm minut. $
oznam0060|$ Jigdo nexce Jiw RIkat, # Jiw zAvaZnEho rozhodovat. $
oznam0061|$ Ytorem gOlu bil vItek. $
oznam0062|$ jeho zdravotJI staf nebil pQIzJivI, # trpjel CastImi nFrOzami. $
oznam0063|$ mislIm !adjekTiva tipu !epoxAlJI, # historickI, # triuMfAlJI, # YtenTickI. $
oznam0064|$ famOzJI vIkon podal hejkal, # Ytor CtiR branek. $
oznam0065|$ DiagnOzu !a lEWbu !alergie mUZe provEst pyze lEkaR. $
oznam0066|$ deset minut pQet koncem vedli !o sedmnAwd bodU. $
oznam0067|$ !asi sedm nebo !osm stovek. $
oznam0068|$ bulharskI prozaik !a dramaTig dZordn raDiCkof !oslavil sedmdesATini. $
oznam0069|$ bUSkovE demagogie bi slavili triuMf. $
oznam0070|$ !ale xApu, # proW zemana ve vlADe potQebujete. $
oznam0071|$ !akce navIw zdaleka nemA Siroky potporu zemJeDelcU. $
oznam0072|$ CeskA republika je !i !oblIbenIm cIlem vietnamskE !emigrace. $
oznam0073|$ !a dZordn se trefovat nepQestal. $
oznam0074|$ CtiQkoalice pQixAzI !o vjetSinu poliTickIx truMfU. $
oznam0075|$ brJanE majI v rukAvu sxovanE dalSI truMfi. $
oznam0076|$ bila to jIzda f pravDe triuMfAlJI. $
oznam0077|$ CeskI !oportuJismus neboli CexACkofstvI !opjet slavI triuMfi. $
oznam0078|$ !ali !ukonCil lEWbu, # protoZe se cITil znFZIvanI. $
oznam0079|$ !a herew znovu nevidrZI mlCet. $
oznam0080|$ cIlem projel s pjesTI zaTaty do triuMfAlJIho gesta. $
oznam0081|$ dalSIm problEmem vegetariAnstvI je Zelezo. $
oznam0082|$ !a gdiS ne, # mAme pQece v rukAvje truMfi. $
oznam0083|$ cestujIcI musI poCItad z dalSI traMvajovy vIluky. $
oznam0084|$ belgickI xlapec !ujel s traMvajI. $
oznam0085|$ vItvarJIk, # !arxitekt, # fantasta, # !ekolog, # filozof, # provokatEr, # svjetobjeZJIk. $
oznam0086|$ situace jak poliTickA, # tak !ekonomickA, # zahraJiCJepoliTickA. $
oznam0087|$ nedopusTIme !aJi nacionalismus, # !aJi !anTisemiTismus, # !aJi rusofobii. $
oznam0088|$ !americkI miliardAR, # pQezDIvanI nAjezdJIk, # si vihlEdl dalSI !objeT. $
oznam0089|$ roDiCe vIjimeCJI, # mrtvi bohuZel, # hICkali ho, # jeDinACka. $
oznam0090|$ vIbornI fodbalista, # spysta kamarADICkU, # tagZe !i troxu prUSvihAR. $
oznam0091|$ dAvAm pQednost menSIm prostorAm, # kterE sy pQAtelSTejSI, # !osobJejSI. $
oznam0092|$ virovnanE !utkAJI, # sypeR bil texJiCTejSI, # mi bojovJejSI. $
oznam0093|$ sypeQ vihrAl zaslyZeJe, # bil rixlejSI, # dUrazJejSI. $
oznam0094|$ bojovE !umJeJI, # tQeba jako jirka SlEgr, # vUbec neDelAm. $
oznam0095|$ pokut pUjCku, # tak novomanZelsky, # zvIhodJeny. $
oznam0096|$ dAlkovje vistudoval !aNgliCTinu !a CeSTinu, # pozDeji !i SvEtSTinu. $
oznam0097|$ sama fSak, # jako ZijIcI, # nemUZe bId blahoReCena. $
oznam0098|$ bil !osobnosTI, # ktery nemohl Jigdo pQehlEdnyt, # natoS !ignorovat. $
oznam0099|$ nebilo to Jeco hrUznEho, # jenom zatraceJe nepQIjemnEho. $
oznam0100|$ je poTeSujIcI, # Ze poliTickE tlaki nesy fSFrCujIcI. $
oznam0101|$ je jiskrnE, # dobRe toCenE, # samotnIm vICepJIm hICkanE. $
oznam0102|$ sjIZDelo se tam fSexno, # perviTin, # heroin, # rospySTedla. $
oznam0103|$ japonci, # CIJanE, # vietnamci, # !egipTanE, # !indovE, # !i tQeba CeSi. $
oznam0104|$ nepoxibJe mJel na misli tu zahradJICkofsky, # kQesTansky. $
oznam0105|$ klesA fSak poDIl prUmislu potravinAQskEho, # teksTilJIho !a koZeDelnEho. $
oznam0106|$ xTejI xrAJit svy ReW hlavJe pQet !aNgliCTiny. $
oznam0107|$ to je dnes sen Tex nejcTiZAdosTivjejSIx. $
oznam0108|$ !a pQipySTI, # Ze mA rAt !i poxlebovAJI. $
oznam0109|$ dovolenA bude v jiZJIx CexAx, # samozRejmJe z roDiNky. $
oznam0110|$ vIstava pQetstavuje fotografii, # Jikoli fSak pyze fotografi. $
oznam0111|$ !a vraki YtomobilU, # kterE bili zJiCeni pQi pQezdRelkAx. $
oznam0112|$ vzJikajI novE !URadi, # pQixAzejI dalSI SEfovE. $
oznam0113|$ pQipySTI, # Ze si !obojI mohl !atleTickI klup vipUjCit. $
oznam0114|$ babiCka, # tehdi malE DefCAtko, # pozorJe naslyxala. $
oznam0115|$ !a to nejen YtobiografickE. $
oznam0116|$ na kordu vleTel systQeDeny, # sebevjedomy hry. $
oznam0117|$ !informace, # kterE babickij pQinASel, # nebili, # !umIrJeJe ReCeno, # pravDivE. $
oznam0118|$ hrajeme na dvje vITesstvI, # jak !oznAmil !obrAnce jiRI SlEgr. $
oznam0119|$ miJistr mJel TeSkI prUbjex xQipki, # spUsobenI nedostateCny lEWby. $
oznam0120|$ nAsledovalo dalSI prodlyZeJI, # vITeznI gOl, # pohAr !a !ovace. $
oznam0121|$ sme vDeCJI fanySkUm, # Ze nAs JekolikrAt podrZeli. $
oznam0122|$ na !opaCnEm pOlu vIsletkovE lisTini kraloval rakuSan horNgaxer. $
oznam0123|$ Frotel naopak tvrDI, # Ze si svE postaveJI !udrZI. $
oznam0124|$ !objevil se na fSex !URadex, # f tovArnAx !i f !opxodex. $
oznam0125|$ najedny Jegdo Rekl, # Ze nesme jenom xuDiNki. $
oznam0126|$ gdo !ale mUZe, # !odjIZDI do sysedJIho !iNguSska. $
oznam0127|$ dalSI f poRaDI mixal doleZal je !aS CtiRiaCtiRicAtI. $
oznam0128|$ buT mohl zvolit trenErskE kQeslo, # nebo drAhu fuNkcionARe. $
oznam0129|$ !asi jedno promile fSude na svjeTe, # jak !upQesJujI psixologovE. $
oznam0130|$ to znamenA sloZeNky, # na fakturu, # fSemi platebJImi kartami. $
oznam0131|$ !analiTici syDI, # Ze vihlItki Fra zUstAvajI nejistE. $
oznam0132|$ mohli sme s !opravami zaCId dRIv, # gdiS nAs !upozorJila DeDiCka. $
oznam0133|$ piva majI svE ZebRICki, # !oceJeJI, # vIstavi !i veletrh. $
oznam0134|$ bila to jusTiCJI vraZda, # ti kYzi sy zhodnE. $
oznam0135|$ jen dvanAcTi dZumUm se podaRilo !uprxnyt. $
oznam0136|$ jiJI tvrDI, # Ze nAsledovJIci slavnIx YtorU zanedlyho !udeRI. $
oznam0137|$ pro Skodu Yto zbilo !osm procent trZeb. $
oznam0138|$ buD bude hrDina, # nebo nula, # jako jAgr. $
oznam0139|$ dopravJI sistEm pQestane fuNgovat, # zAsobovAJI se zhryTI. $
oznam0140|$ tu !urCiTe dodrZIme, # visvjetlI to mlufCI miJisterstva bohumil plxot. $
oznam0141|$ !abi ve stanu nFmrzl, # hIbal pQi spaJI prsti. $
oznam0142|$ Jigdo nAm zaTIm neRekl, # Ze je to podmINka. $
oznam0143|$ Fro bi mJelo bIt f kompetenci pyze baNkERU. $
oznam0144|$ kvalitJI !Ulovek se podaRilo zIskad drnovickIm fuNkcionARUm. $
oznam0145|$ dAme gOla, # vjeRIme si. $
oznam0146|$ tomu jA neRIkAm gOl, # !ale negOl. $
oznam0147|$ sem rozhodJe proTi veSkerEmu dopiNgu, # !ale poZaduji spravedlnost. $
oznam0148|$ xTel sem z Yta, # !ale !on mJe drZel. $
oznam0149|$ druhI je jaromIr jAgr, # pQestoZe jeSTe nedal gOl. $
oznam0150|$ bilo bi dobRe, # gdibi mu vidrZela. $
oznam0151|$ jakkolif to zJI podezRele, # dokonce zavrZeJIhodJe, # sem kapitalistka. $
oznam0152|$ !aT to sy podJikatelE, # SpiCkovI manaZeRi, # zelinARi nebo taksikARi. $
oznam0153|$ !izraelskI premiEr !o rozhovoreh Rekl, # Ze bili !uZiteCnE. $
oznam0154|$ dali sice barceloJe dva gOli, # !ale dostali CtiRi. $
oznam0155|$ cesTiCki mezi pekiNgem, # !islAmskImi stAti !a moskvy !oZIvajI. $
oznam0156|$ !obrana nemluvI, # dAvAme gOli, # !ale hodJe jix !iNkasujeme. $
oznam0157|$ cizinci, # kterI se pQiblIZI, # hrozI zadrZeJI. $
oznam0158|$ !uvedeJIm fabie bila dokonCena moderJizace nabItki Skodi Yto. $
oznam0159|$ netrefili sme braNku, # dali si polovlastJI gOl. $
oznam0160|$ nemajI Yto, # netrpI nFroTicky starosTI !o svE zdravI. $
oznam0161|$ dnes !uS sy !obivatelE grOnska z nejhorSIho veNku. $
oznam0162|$ do sestQihu zaRaDI texJickE prfki, # kterE zakOduje. $
oznam0163|$ rozhodl gOl proTi rusku !a SlEgrUv gOl proTi kanaDe. $
oznam0164|$ jezDil s toho SvEtska Ytem, # pQes plzeJ. $
oznam0165|$ je to naprostI nesmisl, # kategoricki se !ohraDil !i vlCek. $
oznam0166|$ jelen sice !utekl, # !ale pozDeji zraJeJIm podlehl. $
oznam0167|$ zraJeJi bili !ameriCaNka, # brit !a Ystralan. $
oznam0168|$ jeDinE, # co jim zbIvA, # je Ytomat. $
oznam0169|$ pak !utekl, # !aJiS si peJIze !odnesl. $
oznam0170|$ !a !on !uplivl, # xTel pobavit CtenARe. $
oznam0171|$ banDitE !ukoRisTili CtiRi Yta, # tQi kamioni !a motocikl. $
oznam0172|$ !ale hrDiNka, # bIvalA modelka, # se nedA zlomit. $
oznam0173|$ gOli sice dAvAme, # zAroveJ !ale hodJe !iNkasujeme. $
oznam0174|$ je to straSnA dZuNgle. $
oznam0175|$ mluvil tam JejakI blb, # papalAS, # prosTe blbec. $
oznam0176|$ !analogie je to sice drsnA, # !ale fuNguje. $
oznam0177|$ pQetstavI !osobJI Yta, # motocikli !i rUznE doplJki. $
oznam0178|$ sem srtcaR, # kterI !opCas fstQelI JejakI ten gOl. $
oznam0179|$ mluv, # ti hajzle, # xovej se dZentlmenski. $
oznam0180|$ sTeZejJI sy postavi, # DejovA liJie !a hlavJI miSleNka Ytora. $
oznam0181|$ bil bix !asi nervOzJI, # gdibixom jenom vihrAvali. $
oznam0182|$ dUvodi, # proC to tak je, # lze hledat lewgde. $
oznam0183|$ staCil bi jeden !usmJevavI xorvatskI wurinda. $
oznam0184|$ tomuto hleDisku nemohl bIt vzdAlenI !aJi sAm wurinda. $
oznam0185|$ hledal jinE Ytoriti, # jinE hodnoti. $
oznam0186|$ mi, # neromskA vjetSina, # sme gAdZovE. $
oznam0187|$ firma se bude zabIvat !opravami !a moderJizacI traMvajI. $
oznam0188|$ nastalo !oslabeJI vlivu vAclava klYse. $
oznam0189|$ cIlem bIvajI hlavJe Yta, # pokut moZno luksusJI. $
oznam0190|$ dUvodem je natSeJI z hlatkEho startu Fra. $
oznam0191|$ fascinovala ji siMfoJickA hudba. $
oznam0192|$ domAcI prAce Delala po nocIx, # !usInala f traMvaji. $
oznam0193|$ dvoRAkovi siMfoJickE variace sy simbolem domAcIx traDic. $
oznam0194|$ !ale !on nepQijel, # zabil se v YTe. $
oznam0195|$ baNkrotujI jen vitunelovanE baNki, # viz dAle tunelovAJI. $
oznam0196|$ buT sme syborem nFronU, # !anebo sme nesmrtelJI. $
oznam0197|$ cely zemi zaxvATila hokejovA Fforie. $
oznam0198|$ jako kapitAn pQivedl tIm k triuMfu. $
oznam0199|$ druzI !oznaCovali prvE Smahem za !osmaSedesAtJIki. $
oznam0200|$ na zAklaDe zhodnoceJI fSex !UdajU je stanovena lEWba. $
oznam0201|$ bilo jix sedm. $
oznam0202|$ cennE vITesstvI zIskali pardubiCTI plafci !uS po !osmnActE. $
oznam0203|$ nelze vilyCit, # Ze Skrti pocITI !i samotnA lEWba. $
oznam0204|$ jejI rozhodnuTI vivolalo v RadAx rosklIZenEho koNgresu Fforii. $
oznam0205|$ !informoval !o tom !evropskI staTisTickI !URad Frostat. $
oznam0206|$ !UdajJe dokonce vitvoRil za TImto !UCelem !odDIli kamikawe. $
oznam0207|$ kvUli vlastJI zAvislosTi na morfiu musel potstypit lEWbu. $
oznam0208|$ tedi pro Fro, # !americkI dolar !a japonskI jen. $
oznam0209|$ zase moralizujeme, # to !umI lewgdo. $
oznam0210|$ !eksploze zJiCila !osobJI Yto, # garAZovA vrata !a !omItku. $
oznam0211|$ pQIjmi vzrostli !o sedm, # vIdaje dokonce !o !osm miliard. $
oznam0212|$ !akciovE trhi !obecJe zUstAvajI volaTilJI !a velmi nervOzJI. $
oznam0213|$ filmU natoCil !ot sedmdesAtIx let celkem sedm. $
oznam0214|$ !alespoJ tak nAs krmil pQi zavADeJI dovozJIx kvOt. $
oznam0215|$ bohuZel mAme problEmi fstQelid gOl, # xibI nAm STesTI. $
oznam0216|$ jenZe, # gdiS je lidem !osmdesAt, # musI plAnovat !opatrJe. $
oznam0217|$ celkem jix mA sedm. $
oznam0218|$ jU, # traMvaj, # !a veze hlyCeg DeTI. $
oznam0219|$ CIm starSI Ytobus, # TIm draSSI provoz. $
oznam0220|$ liSI se pQitom jak cenami, # tak nabIzenIm koMfortem. $
oznam0221|$ doxAzI proto ke dvjema moZnIm variantAm. $
oznam0222|$ gdiS vihoRelo, # Delal prUvotCIho f praSskE traMvaji. $
oznam0223|$ co se tICe lEWbi, # patQI do ruky lEkaRe. $
oznam0224|$ !ale hraje se na gOli. $
oznam0225|$ !aCkolif fUzi jiS JekolikrAd zamItl, # fCera zmJeJil nAzor. $
oznam0226|$ bila to doba dlyhIx sOl, # !eksperimentU !a !improvizacI. $
oznam0227|$ japonskIm skokanUm na liZIx se RIkA kamikawe. $
oznam0228|$ jako prvJI s !odborJIkU vjetSiny nastypI DetskI nFrolog. $
oznam0229|$ doleZal, # po prvJIm kole !osmnActI, # nepQestal dyfat. $
oznam0230|$ pavel rixter, # svjetovI Sampion pjetaosmdesAtEho, # !otpoledne dospAval. $
oznam0231|$ fstAvAme !asi f sedm, # musIme fSe pQipravit. $
oznam0232|$ !aC !otkojenI vltavy, # mA takE slovenskE !opCanstvI. $
oznam0233|$ !a mJel bi ho natoCit nejlEpe !igor xYn. $
oznam0234|$ doprovoDI je siMfoJickI !orxestr CeskEho rozhlasu. $
oznam0235|$ !abi cIle dosAhl, # musI mIt vIsletki. $
oznam0236|$ brAd heroin se stAvA novy mOdy, # simbolem postaveJI. $
oznam0237|$ dAd gOl, # bil bi zRejmJe rozhodujIcI. $
oznam0238|$ !oba viZadujI !urCitI koMfort, # farAQ !i !ulrix. $
oznam0239|$ !indovE versus fidZijci. $
oznam0240|$ !a jA sem se nakazil tuberkulOzy. $
oznam0241|$ bil visokI !asi metr !osmdesAt. $
oznam0242|$ hlavJI rezervJI mJeny bi se stalo Fro. $
oznam0243|$ dalSIho mJixa napQIklat pQejede dZIp. $
oznam0244|$ dalSI triumf mA na svEm konTe CeskI hokej. $
oznam0245|$ Certe, # !odnes si klYse, # zlobI. $
oznam0246|$ celI tvUrCI tIm je fSak !osmdesATiClennI. $
oznam0247|$ minulA verze zAkona vitvARela dost nepQehledny dZuNgli. $
oznam0248|$ je to mEJe neS tipickI nFron. $
oznam0249|$ Dirigovat siMfoJii bilo velkolepE. $
oznam0250|$ dAme gOla, # dAme ho doma. $
oznam0251|$ !a mJestskE Divadlo mA g Dispozici podJikovE Yto. $
oznam0252|$ !americkImi kini !otQAsA f posledJIm tIdnu !obnovenA DinosYromAJie. $
oznam0253|$ vJImat SirSI syvislosTi vjecI dokAZe !ofSem lewgdo. $
oznam0254|$ pQiznal to fCera slovenskI premiEr mikulAZ wurinda. $
oznam0255|$ !ale spjet k vAclavu klYsovi. $
oznam0256|$ !ale neJI to !UplJe !obiCejnI Ytobus. $
oznam0257|$ dobRe pQipravenIh hrACU je tadi sto dvacet !osm. $
oznam0258|$ !a za fSexno mohl zup CIslo !osm. $
oznam0259|$ bilo jasnE, # Ze gdo dA gOl, # zvITezI. $
oznam0260|$ !ale dalSI trEJiNki, # to bilo !o JeCem jinEm. $
oznam0261|$ !a navIc xvalofskI dostal !uZ druhI lacinI gOl. $
oznam0262|$ brzi po svadbje poZadovali !aslanovi roDiCe dZahez, # vjeno. $
oznam0263|$ to sy hlavJI nedostatki mikulASe wurindi. $
oznam0264|$ co pIsmeNko, # to staTisIce dolarU. $
oznam0265|$ bila to hra vabaNk, # !ale viSla. $
oznam0266|$ CeskA vIprava je !osmnAcTiClennA. $
oznam0267|$ !eNgeho vIsletki sledovali pozorovatelE tImu dZordn. $
oznam0268|$ mezi zamJestnanci bil nejvjetSI zAjem !o traMvaje. $
oznam0269|$ franTiSek si zyfA, # Ze to bil hotovI blaNkit. $
oznam0271|$ dva mlaDIci zbili RiDiCe traMvaje, # kterI je kAral. $
oznam0272|$ bili to zbiteCnE gOli, # coS podotkl !i kyC. $
oznam0273|$ !investoRi na tuto situaci reagovali prodejem Fra. $
oznam0274|$ bil spISe jako klYs, # zaZranI liberAlJe, # !ultrakapitalisTickI Clovjek. $
oznam0275|$ vdala sem se f !osmnAcTi, # musela sem. $
oznam0276|$ CekA !asi na Jejaky Fforii, # kterA bi mJela nastat. $
oznam0277|$ blby nAladu vistQIdala natSenA Fforie. $
oznam0278|$ do Cela zemJe bil pak puCisti povolAn Sevardnawe. $
oznam0279|$ !opravujeme fSak !i tQiceTiletE traMvaje, # neboT si sTeZoval ReDitel. $
oznam0280|$ jako pQIklat lze !uvEst tQeba tIdeJIk Fro. $
oznam0281|$ !a jako Clovjek, # kterI hodJe dokAzal, # mA Ytoritu. $
oznam0282|$ ste znAm jako !otpUrce spoleCnE !evropskE mJeni Fro. $
oznam0283|$ !a Fra silJejSIho, # neS je milE. $
oznam0284|$ letos !evidujeme !asi pjet napadeJI RiDiCU traMvajI. $
oznam0285|$ !aZ do jeho tQiaosmdesATi tomu nevjeRil. $
oznam0286|$ !abix pravdu Rekl, # nemAm pocid ZAdnE saTisfakce. $
oznam0287|$ maliCkost, # to si Rekne lewgdo. $
oznam0288|$ !abi jim Rekl, # proC se to stalo. $
oznam0289|$ CeSi dali prvJI gOl, # !ale nedaRI se jim. $
oznam0290|$ druhIm je traMvaj, # ktery jezDI CtiRiaCtiRicet procent liDI. $
oznam0291|$ !albatros prAvje vidAvA jeho dalSI Titul halO. $
oznam0292|$ bilo mu !asi !osmatQicet. $
oznam0293|$ letenSTI vjeDI, # Ze sy blIsko velkEho triuMfu. $
oznam0294|$ YtorskA prAva fSak patQI laNgovi, # kterI !akci vipracoval. $
oznam0295|$ Rada pQIsluSJIkU JemeckIx SlexTickIx rodU f CexAh zdomAcJela. $
oznam0296|$ zaplaT pAnbUx !aspoJ za jeden, # na vIc nemAme. $
oznam0297|$ drgAC jim toTiS razantJe byral pohodlnE stereotipi. $
oznam0298|$ !opTimismem pQed dvojutkAJIm hIRI malenovickI trenEr petr laSCAk. $
oznam0299|$ holanDan neJI zjev DAbelskI, # nIbrS simbol trpIcIho Clovjeka. $
oznam0300|$ rovJeS !odmItl rosSiRovat spoluUCast pacientU na lEWbje. $
oznam0301|$ !otec, # herec, # toTiZ zIskal !aNgaZmA f plzeJskEm Divadle. $
oznam0302|$ potom trEJink v bazEnu, # dvakrAt sYna !a veCeRe. $
oznam0303|$ prvJI sezOnJI tajfun zasAhl zApadJI !oblast TixEho !oceAnu. $
oznam0304|$ nelze !obhajovad ZAdnE !Utoki, # jejixS !objeTmi sy civilistE. $
oznam0305|$ barak JicmEJe !otxod z golan Jigdi nevilyCil. $
oznam0306|$ za hosti skOrovali klofAC !a suxI. $
oznam0307|$ prodAvajI se dokonce !i xQestISI ZluCovE mJexIQki. $
oznam0308|$ !italovE sy katastrofy !a jejIm rossahem rozhoQCeJi. $
oznam0309|$ prAvje puxer je zaTIm nejprodukTivJejSIm muZem znojma. $
oznam0310|$ kalvodUf vIrok nepovaZuji za pQIliS STastnI. $
oznam0311|$ druhy roviny je sAm Zivot f !IrAnu. $
oznam0312|$ lADa je nAS reprezentaCJI holiC. $
oznam0313|$ koZenI dostal zAlusk na !AzerbAjdZAnskA ropnA pole. $
oznam0314|$ jakmile nastAvA konec jara, # pQixAzI Caz zvlAStJIho rituAlu. $
oznam0315|$ nejviSSI ZivotJI !UroveJ teT v gruJe majI penzistE. $
oznam0316|$ !a nejen ji, # !i pETu. $
oznam0317|$ !a prAvje takovy pomow bi mJel petrklIC poskitnyt. $
oznam0318|$ tEmJeQ pUl TisIce figurek pak viRezal !ondRej reSl. $
oznam0319|$ bUh Zehnej !americe. $
oznam0320|$ TIm hihJAJIm toTiZ zakrIval svE pravE jAdro. $
oznam0321|$ nekoneCnIm debatAm nakonec finskI liZaQ !uCiJil razantJI pQItrZ. $
oznam0322|$ SampaJskE !aT teCe prydem, # korbele vIS. $
oznam0323|$ bUhvI proC, # gdiS pQIstub bil velkorisI. $
oznam0324|$ zAstupci jednotlivIx miJisterstef nexTejI novI nAvrx Jijak komentovat. $
oznam0325|$ jeho letyn bil f tEmJeR devadesATistupJovEm nAklonu. $
oznam0326|$ f Tex xvIlIx sme toTiS fseTIn jasJe pQehrAvali. $
oznam0327|$ tento paranoidJI scEnAQ je !opravdu paranoickI. $
oznam0328|$ miJistr !odmItl hovoRit !o strAtAx jugoslAfskIx !ozbrojenIx sil. $
oznam0329|$ SEftrenEr rAzl mJel !i jiny pQipomINku. $
oznam0330|$ videozAznam prokAzal, # Ze kotyW do braNki kopl hlavAC. $
oznam0331|$ pYSAl nepovaZuji za super problEm. $
oznam0332|$ hlavJI pQICini nebili v makroekonomickE sfERe. $
oznam0333|$ kaZdI !obdrZI tEmJeQ milion korun. $
oznam0334|$ nejtvrtSI postoj zYjal !iNguSskI prezidend generAl ruslan YSev. $
oznam0335|$ vZdiD zAroveJ pQispIvajI na zAxranu cizIho podJiku. $
oznam0336|$ nejblIS CtiQce je !olomyc !a slavia. $
oznam0337|$ !oficiAlJIm zadavatelem vIstavbi je leksUf !otec, # vlaDimIr leksa. $
oznam0338|$ nezleTilI svjetci, # kteRI mJe !obviJujI ze znFZIvAJI, # lZy. $
oznam0339|$ !informaTivJIx, # nedUkazJIx vIslexU se !ofSem !obhAjci !UCastJit nemohy. $
oznam0340|$ jO, # !a f srpnu povedeS nAroDAk ve SvIcarsku. $
oznam0341|$ pravicovE strani vistavili nAvrh zdrcujIcI kriTice. $
oznam0342|$ kurva, # holube, # pIskej ti fYli. $
oznam0343|$ diT !uviDIS, # sviJe, # jak Ti sprzJim ksixt. $
oznam0344|$ !aJi romUm v holobiteh zeT vaDit nebude. $
oznam0345|$ navrhujI takE !alianci spUsop !ukonCeJI konfliktu v jugoslAvii. $
oznam0346|$ xTejI mladE Telo, # malE xlapce. $
oznam0347|$ miJistr fencl zdUvodJuje zvolenI postub zAjmi stAtu. $
oznam0348|$ !alZIrSTI pQetstavitelE JicmEJe tato !obviJeJI vivracejI. $
oznam0349|$ tento pYSAl bi museli plaTit fSexni zdravotJI pojiSTovni. $
oznam0350|$ druhI muZ, # v dlyhEm bEZovEm kabATe, # pQitakal. $
oznam0351|$ Jegdi je lepSI neS faleSnE slaDyCkE cukrbliki. $
oznam0352|$ nejbliSSI !obdobI pro Jej nespIS nebude jednoduxE. $
oznam0353|$ pQes !opakovanE vIzvi neposkitl Svah ZAdnE stanovisko. $
oznam0354|$ jiRI menzel je pozoruhodnI reZisEr !a pozoruhodnI Clovjek. $
oznam0355|$ dAlJiCJI !opxvat, # zemanUf kufQIk, # bIlI kUJ, # stAfkovA pohotovost. $
oznam0356|$ donedAvna bil moderAtorem raDiofOra CeskEho rozhlasu. $
oznam0357|$ Rval sem !akorAt na masEri. $
oznam0358|$ !aJi v morAlJe rozhoQCenIx lidovIx novinAx. $
oznam0359|$ kosofskI konflikt se !ocitl ve slepE !uliCce. $
oznam0360|$ mJeli sme s Jej xvIlemi trYma. $
oznam0361|$ !inYgurace !ukonCila vlAdu kuomintangu. $
oznam0362|$ !alkohol je spolu z JikoTinem nejrosSIReJejSI drogy. $
oznam0363|$ gdiS podruhE podAval ruku meCiarovi, # dav Rval. $
oznam0364|$ !aNgaZmA dostala f klicperovje Divadle v hratci krAlovE. $
oznam0365|$ !arcibiskub grYbner je na moravje velmi !oblIben. $
oznam0366|$ hele, # tAmhle STyxA Ytorka do svE kamarAtki. $
oznam0367|$ nAvrh zAkona navIw ReSI !otevIrAJI fondu velmi vAgJe. $
oznam0368|$ zDeDili sme YgiASUf xlEv. $
oznam0369|$ to kyC xovanec cTI jednoduxy, # !ale nesmlyvavy zAsadu. $
oznam0370|$ step vUbew Zije !uS lEta pQevAZJe z natSeJI. $
oznam0371|$ kyC vojTex mareS nabIdl rezignaci. $
oznam0372|$ !adrenalinovI feTAci sy z jinE lAtki neS mi. $
oznam0373|$ podobJe jako srpsko jakStakS !odolAvA prohJilEmu kapitalismu. $
oznam0374|$ bes slitovAJI !a f co nejkratSI lhUTe. $
oznam0375|$ Slo !o podJik, # gde to tuto now Zije nesrovnatelJe DivoCeji. $
oznam0376|$ pQesnA CIsla poliTickIx vjezJU nesy g Dispozici. $
oznam0377|$ jan mJexIQ pQixAzI s !originAlJejSIm ReSeJIm. $
oznam0378|$ burZysTi si podAvali ruce !a smAli se. $
oznam0379|$ !o CtiRminutovy pQesilofku se !ale pQipravila zbiteCnIm fYlem. $
oznam0380|$ reportEr hanuZ hanzlIk vIpovjeT stAhnul. $
oznam0381|$ bIvalI kanclEQ jan kJeZInek !odmItl pelantUf postup komentovat. $
oznam0382|$ !aZ gdiZ RiDiC spusTil klakson, # mohl jed dAl. $
oznam0383|$ podotkl, # Ze kampaJ zaplaTI mezinArodJI !asociace scientologU. $
oznam0384|$ vIborJe zahrAli peSl !a polAk, # kterI nFDelal xibu. $
oznam0385|$ !ale !aspoJ vIm, # gde je domof mUj. $
oznam0386|$ !a xitrE hlaviCki naSli dalSI fIgl. $
oznam0387|$ povaZovali to za kIC, # rozmari gEJia !i nudny veteS. $
oznam0388|$ !a !on Jejag Zuxl dolU, # rozbil si hlavu. $
oznam0389|$ dOm je svy koncepcI velkolepI. $
oznam0390|$ fCera fSak vlAdla na ZofIJe smIRlivA nAlada. $
oznam0391|$ !asi mi teT Jic jinEho nezbIvA. $
oznam0392|$ !aJi po letex neviCpjela paxuD DiletantstvI. $
oznam0393|$ CIm hUR, # TIm lIp. $
oznam0394|$ dosavadJI vIvoj jej fSak !usvjetCuje s pQehnanEho !opTimismu. $
oznam0395|$ !a proto si teD zahrajeme pAr spirituAlU. $
oznam0396|$ jeden ReDitel nemocJice to trefJe nazval !akCJIm vIborem. $
oznam0397|$ !ale pQedefSIm zhromaZDoval litskE pQIbjehi jako svjedectvI. $
oznam0398|$ zvlAStJI kapitoly je !ostrafskI SpIlmaxr radek slonCIk. $
oznam0399|$ pQIstup motoinvestu se zmJeJil. $
oznam0400|$ !ale bil ste dvaadvacAtI na svjeTe. $
oznam0401|$ Clovjek xicenI z drogy. $
oznam0402|$ lidem se proto viplaTI kupovat kAvu zrNkovy. $
oznam0403|$ dUleZitost pAtEho duelu si CtiRnAsobnI mistr pQIliS nepQipySTI. $
oznam0404|$ snat pQijde !alespoJ deset TisIw DivAkU. $
oznam0405|$ !aT lidE hledajI !otpovjeT f sobje. $
oznam0406|$ sedm center moci se naxAzI f tAdZikistAnu. $
oznam0407|$ !astronYTi k !opravje potQebovali tQi vIstupi do vesmIru. $
oznam0408|$ !UroveJ naSix novin je malA. $
oznam0409|$ nebude to povodJovA daJ, # !ale moZnA daJ mimoRAdnA. $
oznam0410|$ vZdiD ho budu mIt !u sebe jen xvIli. $
oznam0411|$ nexme !ale strany pQIpadi ziStnIh guruU. $
oznam0412|$ novA huT xce zavEst JemeckI model RIzeJI. $
oznam0413|$ dostal bix !alespoJ Sest sedm let. $
oznam0414|$ Sok spUsobila vIpovjeT f poRaDI CtvrtEho !obZalovanEho. $
oznam0415|$ !odhadJete hmotnozd hmizu na zemi f tunAx. $
oznam0416|$ bIlA vajeCnA skoRApka, # perleT, # SampaJskA rUZe, # kyR. $
oznam0417|$ baStu velmi rosCIlilo, # Ze jej xce policie sTIhat. $
oznam0418|$ nAzor, # Ze DetskI trx se spoZDuje, # jiS neplaTI. $
oznam0419|$ tvrDI to !alespoJ !eksilovA !IrAnskA !opozice. $
oznam0420|$ !obviJenI tehdi !UdajJe zastQelil sedm ZidofskIx vjezJU. $
oznam0421|$ nexci lovit sociAlJedemokraTickEho medvjeda f !OdEesAckEm lese. $
oznam0422|$ jiRI bYmruk si fSak vzal Cas na rozmiSleny. $
oznam0423|$ za jeho !opsah bi mJelo !otpovIdat nArodJI muzFm. $
oznam0424|$ nemUZe bIt tluWhupskA. $
oznam0425|$ xcIpl ten lev, # kterI bil na JeCI straJe. $
oznam0426|$ !agresivJI daf ji naopak tEmJeR zlinCoval. $
oznam0427|$ buT jag buD, # Yrora je krAsnA loD. $
oznam0428|$ !i na pUDe vlAdi mohy padat !urAZlivA slova. $
oznam0429|$ zvlAST kovAC reagoval na rossudek !emoTivJe. $
oznam0430|$ !odmItl fSak xibi blIZe !upQesJit. $
oznam0431|$ taNker mozart pokQTilo labe ve valTIRovje. $
oznam0432|$ lidE Casto RIkali, # Ze palcr je Jegdo. $
oznam0433|$ !alespoJ pro mnoho CexU. $
oznam0434|$ celosvjetovy razii koorDinuje britskA policie. $
oznam0435|$ !Urazi !a !otravi zabIjejI vIce muZU neZ Zen. $
oznam0436|$ zAroveJ fSak !odmItl RIci dalSI podrobnosTi. $
oznam0437|$ jestli je vinen, # !aD ho zavRy. $
oznam0438|$ buT lyDI, # nebo bi !aspoJ Jeco vimJeJili. $
oznam0439|$ kufQIkAQ miloZ zeman si prosTe nemUZe pomoct. $
oznam0440|$ svjetlo do pQIpadu tajemnIx mecenASU TIm !ofSem nevnesl. $
oznam0441|$ je to proto, # !abi se mu neoSypali pnFmaTiki. $
oznam0442|$ bjehem pAr fteRin lze zmJeJit !i smJer RazeJI. $
oznam0443|$ nemJel !aJi zrNko podezReJI. $
oznam0444|$ bergman toTiZ ReSI vjeci blIskE kaZdEmu. $
oznam0445|$ pan ReDitel v Jem !uvedl Radu skreslujIcIx tvrzeJI. $
oznam0446|$ nakonec fSak rozhodl gOl sypeRe v nastavenEm Case. $
oznam0447|$ !aJi teD, # gdiS se pISy rUznE programi. $
oznam0448|$ sklizeJ cukrovE tQTini probIhA !ot Cervna do prosince. $
oznam0449|$ mIsto na televizi se veCer DIvajI na byQku. $
oznam0450|$ !Era scizovAJI konCI, # nastAvA !Era pAbeJI. $
oznam0451|$ dokAZe zabrAJit vzJiku depresI !a psixOz. $
oznam0452|$ do mJestskE pokladni nateCy tEmJeR dva milioni dolarU. $
oznam0453|$ Casto xoDIm do toho na RICce vIdeJce. $
oznam0454|$ vlaDimIr miSYer zaTIm nevI, # zda podA trestJI !oznAmeJI. $
oznam0455|$ !asi !ale teD dostane dost tvrdy Skolu. $
oznam0456|$ bili to jen Zeni !a DeTi, # skoro ZAdnI xlapec. $
oznam0457|$ jako nejZhavjejSI kanDidATi se rIsujI dva princovE. $
oznam0458|$ berANka vlku se zaxTelo. $
oznam0459|$ !aD Zije strANka. $
oznam0460|$ !aT !uZ g dobrEmu, # nebo g zlEmu. $
oznam0461|$ dovJitQ fxAzI svAteCJe vistrojenI postarSI pAr. $
oznam0462|$ !osm z Jih zaCalo f !uplinulEm deseTileTI sopTit. $
oznam0463|$ !a teT na Jeho ta metamorfOza zase pQixAzI. $
oznam0464|$ CekanUf postup povaZuje fond za neseriOzJI. $
oznam0465|$ knoteg g DivAkovi promlyvA detailem !i celkem zAroveJ. $
oznam0466|$ jen pojTte, # !aZ do samEho konce. $
oznam0467|$ !olomyw zAroveJ rozhodla, # Ze pQIpat patQI praSskIm ZalopcUm. $
oznam0468|$ !a stateCnImu poSTAkovi vistrojili nObl pohReb. $
oznam0469|$ dobu lEWbi si zaTIm netryfl !odhadnyt. $
oznam0470|$ jinak se teT nedA Jiw Delat. $
oznam0471|$ xiTil miSYera !a nawdvihl ho nad zem. $
oznam0472|$ proC ne, # !ofSem jen gdiS jde !o !aNgInovJIk. $
oznam0473|$ !a niJI je samo toto viSetQovAJI pQedmJetem viSetQovAJI. $
oznam0474|$ !aleksandr lebeD bi rAd dobrovolJe !odeSel na sibiR. $
oznam0475|$ bergmanUf !otec xTel zlomit fspurnI !otpor sinU. $
oznam0476|$ nAfSTevJIki kruSnohorskEho byRJAku CekA sluneCnE poCasI !a !obleva. $
oznam0477|$ mAme moZnost volbi, # biT jen vJitQJIho postoje. $
oznam0478|$ !aero nexce tentokrAt !offsetovy nabItku potceJit. $
oznam0479|$ jednotlivE CAsTi mJeli vJitQJI napjeTI, # projevovanE tempovy gradacI. $
oznam0480|$ !a !opjet se zmJeJila tOJina. $
oznam0481|$ !informoval !o tom TiskovI mlufCI spoleCnosTi vladan crha. $
oznam0482|$ !akcie stavebJictvI posTihl pokles trhu !obzvlAST citelJe. $
oznam0483|$ talibanskA verze !islAmu je blIskA saUtskoarapskE. $
oznam0484|$ magistrAtJI !inventAQ nFtrpjel DIki zAsahu policistU Skodu. $
oznam0485|$ ke stAtJImu rospoCtu se tEmJeQ nevijadRuje. $
oznam0486|$ bohuZel jiS tEmJeQ mJesIc CekAm na pojistny smlyvu. $
oznam0487|$ budapeSTSTI filharmoJikovE se xylosTivE parTituri zhosTili se cTI. $
oznam0488|$ ZivotJI !UroveJ nAs !i naSih DeTI !a vnukU. $
oznam0489|$ !ale !UplJe zadarmo kanclEQ tito poZadafki neodepsal. $
oznam0490|$ dOm je prAzdnI. $
oznam0491|$ !a mAm-li poxibnosTi, # RIkAm je nahlas. $
oznam0492|$ RiDiC Skodofki !ujel. $
oznam0493|$ pQesto sy naSe Tela pQi samoUdrZbje celkem !UspjeSnA. $
oznam0494|$ !ano, # pro sues pracujeme. $
oznam0495|$ !analIzu fSak spracoval celI tIm !analiTikU grossova regionu. $
oznam0496|$ na provizorJI pODium pQixAzI znovu !igor xYn. $
oznam0497|$ zraJenI muZ bil podle policie zaklIJen !uvJidR domu. $
oznam0498|$ !i tak !ale dosahujI !alespoJ DIlCIx !UspjexU. $
oznam0499|$ !a pQece se !uvJidR zmJeJila jen mAlo. $
oznam0500|$ hinduistE napQIklad dodnes povaZujI za posvAtnE zvIRe krAvu. $
oznam0501|$ !alespoJ v demokracii podobnEho tipu, # jakI zde mAme. $
oznam0502|$ !aJi krok teT nFDelajI slovenSTI reprezentanTi bez berlI. $
oznam0503|$ komuJikace f tEto miJioblasTi je !asi nejmEJe problEmovA. $
oznam0504|$ xTel, # !abi na !akademickE pUDe pokraCovalo kvalitJI bAdAJI. $
oznam0505|$ !aranZErka s !ostravi !ozdobI strom pro papeZe. $
oznam0506|$ !ale tohle prosTe partaj Delat nemUZe. $
oznam0507|$ bil to vjetSiny pQevzatI repertoAr. $
oznam0508|$ braNkAR haSek !ofSem nepusTil !aJi rAnu. $
oznam0509|$ !ale nekQiCme hurA. $
oznam0510|$ dar !od mlejNkovE na CtiRi severoCeskE podJikatele. $
oznam0511|$ mravJI !imperaTiv RIkA, # Ze ho musejI zabIt. $
oznam0512|$ teoreTicki samozRejmJe mUZe Srejber RIct. $
oznam0513|$ tQebICSTI silJiCARi dokonce poZAdali !o pomoc !armAdu. $
oznam0514|$ coZ bi dokazovala romAnskA !okENka f !obitnE vjeZi. $
oznam0515|$ jiS !osm zApasU f !ekstralize neprohrAli hokejistE litvInova. $
oznam0516|$ pokut !enciklopeDie smJeRuje ke CtenARi laickEmu, # buDiZ. $
oznam0517|$ kaZdej bi mJel dAvat !aspoJ Spetku, # ktery mA. $
oznam0518|$ gimnAzium pUvodJe vzJiklo pQi jezuitskE koleji f klemenTinu. $
oznam0519|$ !armAda neJI !oAzy vlastenectvI. $
oznam0520|$ !a laTka ZAnru je tak proklaTe visoko. $
oznam0521|$ !alespoJ Ze f prodlyZeJI se hrAl normAlJI hokej. $
oznam0522|$ !aT si to mezi seby viRIkajI Ci vitluCy. $
oznam0523|$ !ale kvUli vlastJI nemohycnosTi ji neviuZil. $
oznam0524|$ !osm vjezJU zemRelo pQi fspyRe f turecku. $
oznam0525|$ !asi sedm TisIc. $
oznam0526|$ suhartUf klan nevlastJI rozlehlE syostrovI !UplJe. $
oznam0527|$ !ale jA sem toho Jigdi neviuZil. $
oznam0528|$ Jie sme CeSi. $
oznam0529|$ !a klYs xTel privaTizovat tEmJeQ fSexno kuponovy metody. $
oznam0530|$ CeskA spoRitelna se povaZuje za baNku drobnIx stQadatelU. $
oznam0531|$ dalSIm rizikem sy moQSTI ZivoCixovE. $
oznam0532|$ dokut nebude spokojen, # jednAJI se nFzavRy. $
oznam0533|$ kolekTif vedli !uS fCera rAno na prvJIm trEJiNku. $
oznam0534|$ dnes tu neJI tEmJeR g hnuTI. $
oznam0535|$ praSskI dUm fotografie se pQesTehoval. $
oznam0536|$ xibjejI CestnE lOZe. $
oznam0537|$ domobranu nuselskIx !obivatel fSag zAroveJ hermann !otsyDil. $
oznam0538|$ Yt na silJicIx !asi teT nFbude. $
oznam0539|$ CeCenSTI velitelE majI f !Umislu !utEwd do kosova. $
oznam0540|$ !aJi zvISeJI spotQebJI daJe nemA tEmJeR ZAdny Sanci. $
oznam0541|$ nAS nejlepSI spravodaj !umJel sedm jazikU. $
oznam0542|$ na !obraze pyZil sedm vItvarnIx texJik. $
oznam0543|$ mezi vzestupi nexibI !aJi !akcie xemopetrolu !a kYCuku. $
oznam0544|$ xceme hrAt rixle !a !olomyw hraje podobJe. $
oznam0545|$ je to problEm nAs, # gAdZU, # nAs, # majoriti. $
oznam0546|$ tQi glObi f pQihrAtce seriAlU dostala novinka prakse. $
oznam0547|$ wurinda sklamal CtiRi s pjeTi slovAkU. $
oznam0548|$ !albAnSTI pofstalci zajali !osm srpskIx vojAkU. $
oznam0549|$ gYner !a hovada. $
oznam0550|$ reZisEr zvolil muzikAlovI ZAnr. $
oznam0551|$ baskedbal je hra muZU CernE pleTi. $
oznam0552|$ !akrobad biskup se stal mistrem svjeta. $
oznam0553|$ takovIm kJyravIm viCItAJIm se toho !ofSem moc nespravI. $
oznam0554|$ bespeCnostJI vakuum vzJikA v mnoha !oblastex vIxodJIho Timoru. $
oznam0555|$ tag ho !alespoJ xarakterizoval franTiSek palackI. $
oznam0556|$ disleksie pQetstavuje jen dolJI konec SkAli. $
oznam0557|$ kromJe vistupovAJI z jazzovImi kapelami komponuje baletJI hudbu. $
oznam0558|$ !alespoJ bude naSe zemJe mobilJejSI. $
oznam0559|$ bratr jde do !opxodu. $
oznam0560|$ jazzovA !improvizace vixAzI z litskEho pQIstupu. $
oznam0561|$ zAmJeri xovatelU vepQU fSak pQekazila policie. $
oznam0562|$ !azil jix roCJe dostane jen !osm procent. $
oznam0563|$ bjehem jejix pobitu na leDe valaSi sedmkrAt !iNkasovali. $
oznam0564|$ to se povedlo !a brym fstQelil rozhodujIcI gOl. $
oznam0565|$ demagogicky kampaJ ruskIx mEDiI jiS neobhajuje snat Jigdo. $
oznam0566|$ tak !aspoJ xTejI po stAtu !omluvu !a !otSkodJeJI. $
oznam0567|$ !inscenace je plnA pIsJiCek, # kterE zhudebJil tomAS koREnek. $
oznam0568|$ CeskA droga zahlTila bavorsko. $
oznam0569|$ !a kterE, # jag Rekl, # sy tajnE. $
oznam0570|$ na viuZiTI meziUvjeru nemajI !UCastJIci spoReJI prAvJI nArok. $
oznam0571|$ !avizovanE pokraCovAJI tekstu !uS !ale !uvJitQ listu nebilo. $
oznam0572|$ proTi nadmJernIm deSTUm nesy podle fencla pojiSTeJi vUbec. $
oznam0573|$ syhra je zaloZena na zYtomaTizovanIx vazbAx. $
oznam0574|$ !aT xceme, # nebo ne. $
oznam0575|$ landY !utrpjel zlomeJini spoDini lebeCJI, # pAnve, # mnoha Zeber. $
oznam0576|$ policejJI nAsilI se skrAtka nesmI stAt samoUCelem. $
oznam0577|$ Rekl to ReDitel vjezJice v rInovicIh bohumil bYdiS. $
oznam0578|$ !a nexci bId zemanovIm pohUNkem. $
oznam0579|$ dnes je !alespoJ tento Cin drZen v zapomJeJI. $
oznam0580|$ co se tIkA potravin, # kategoricki !odmItA sOjovE maso. $
oznam0581|$ !a pQitom celI svUj Zivod zasvjeTila fodbalu. $
oznam0582|$ Casto je toTiS xovAJI spekulantU nevispitatelnE. $
oznam0583|$ bleSI trh hlIdA jeden policejJI Ytomobil. $
oznam0584|$ CinCerUf proslulI kinoYtomad bil zaloZen na spoluhRe publika. $
oznam0585|$ biskub bican bil !uveden do !URadu. $
oznam0586|$ !ale halasUf fstax k poeTismu popsal mislIm bistQeji. $
oznam0587|$ sme mulTietJickA spoleCnost. $
oznam0588|$ braNkAR hvjezdi janota mu fSak tQeTI radost nedopQAl. $
oznam0589|$ bilo !uDeleno takE !osm CestnIx !uznAJI. $
oznam0590|$ fraSki kjOgen do Divadla mima logicki patQI. $
oznam0591|$ jedJi si sTeZujI, # Ze sy zahlceJi pracI. $
oznam0592|$ mezi deset nejdUleZiTejSIx prognOs patQI fSak !i problEmi. $
oznam0593|$ bUh buT s teby. $
oznam0594|$ menw zaostal za limitem. $
oznam0595|$ lhostejno, # zda gadZU nebo cikAnU. $
oznam0596|$ dalSIx sedm jeho kolegU bilo zraJeno. $
oznam0597|$ !ale snaZIm se bIt !alespoJ lexce natprUmJernI. $
oznam0598|$ nova stvoRila novI druh hvjezd. $
oznam0599|$ DinosYRi budy na vIstaviSTi !o vIkendu naposledi. $
oznam0600|$ rovJeS tekst je sestaven kaleidoskopicki. $
oznam0601|$ !alespoJ formAlJe !ot !okamZiku nabItki CtiQkoalice !opCanskIm demokratUm. $
oznam0602|$ !opCas se RIkA, # Ze !opera je mrtvI ZAnr. $
oznam0603|$ Ctu ti kJihi sedm tIdnU. $
oznam0604|$ dalSIx sedm ZadatelU na pQiDeleJI licence stAle CekA. $
oznam0605|$ buD gOli dAvAme, # nebo na Je !alespoJ pQihrAvAme. $
oznam0606|$ !ale pro CernE pasaZEri mAm pQece radu. $
oznam0607|$ bes !uzarDeJI pomluvil vjetSinu tehdejSIx sydruhU !a pQAtel. $
oznam0608|$ druhI je pilIQ liberalizace. $
oznam0609|$ bIvali to CaroDejJice, # placatA zemJe, # !uQknuTI !a podobJe. $
oznam0610|$ na braNku leTel mIC CtrnActkrAd bjehem zApasu. $
oznam0611|$ ne fSixJi si !ale moRe !odepQy. $
oznam0612|$ vi ste CAzd zDeDila po !uherskIh grOfex. $
oznam0613|$ jinoh bude manaZerem. $
oznam0614|$ !izraelSTI texJici dokAZI virobit monoClAnek !o tlySTce papIru. $
oznam0615|$ xceme vibudovat vIceUCelovI xaritaTivJI dUm. $
oznam0616|$ ciJig Rekne, # Ze nemA. $
oznam0617|$ nejde !o !emoTivJI vIbuh bjehem !utkAJI. $
oznam0618|$ CIJanE misleli, # Ze slunce pohlcuje drak. $
oznam0619|$ druhI pokus, # tentokrAt na vAclafskEm nAmJesTI, # dopadl lEpe. $
oznam0620|$ mJeli nAm to tehdi !alespoJ RIci. $
oznam0621|$ !a daRI se mu to veleUspjeSJe. $
oznam0622|$ !a to !uS xce, # !abi vjeDeli. $
oznam0623|$ mlejNkovA se k celE vjeci !odmItA vijadRovat. $
oznam0624|$ je to teT troxu v mODe, # vIm to. $
oznam0625|$ neS jelciJizace, # to raDeji zeman. $
oznam0626|$ podle mEho nAzoru dvyapUlnAsobJe Ci trojnAsobJe. $
oznam0627|$ jejI mlADI bilo poznamenAno pAdem mandZuskE RISe. $
oznam0628|$ kaZdej RIkA, # neDIvejte se na minulost. $
oznam0629|$ !a neJI to jen xiba hipoteCJIh baNk. $
oznam0630|$ potom se seSla !uzavRenA spoleCnost, # Skorpil, # hYzr, # kinskI. $
oznam0631|$ !ale pak !uS jej skolila zaslyZenA !Unava gEJia. $
oznam0632|$ posilovaW RIzeJI patQI k tuSSIm. $
oznam0633|$ jeSTe jedny, # xcete-li mIr, # !otefQte brAni svIx palAcU. $
oznam0634|$ je to prosTe vjec cTi kaZdEho ZAka. $
oznam0635|$ nedokAzali toTiZ zdolat semifinAlovy pQekASku, # kralupskI kYCuk. $
oznam0636|$ navrh zIskali romAni sociAlJI, # pQinejlepSIm poliTickosaTirickE. $
oznam0637|$ svAtek majI slavjena !a FlAlie. $
vyluc0001|$ sprAvJe je tedi Froland, # nebo Frolande? $
vyluc0002|$ mislIte svAtki demokraTickE, # nebo socialisTickE? $
vyluc0003|$ je to zAmJer, # Ci neotpovjednost? $
vyluc0004|$ je to sprAvnE, # nebo neotpovjednE? $
vyluc0005|$ jeho naprostI nezAjem !o roDinu, # nebo jejI nepQispUsobivost? $
vyluc0006|$ Tex z legiTimacI, # nebo jen s pQesvjetCeJIm? $
vyluc0007|$ je to bezDeCnE, # nebo jde !o YtorskI zAmJer? $
vyluc0008|$ nominoval sedm, # nebo !osm !obrAncU? $
vyluc0009|$ je jejix !eksistence sobeckA, # nebo !UctihodnA? $
vyluc0010|$ je takovI zAmJer dobroTivI, # nebo naopag zvrhlI? $
vyluc0011|$ jde !o !iroJii, # nebo !o zvlAStJI formu syZiTI? $
vyluc0012|$ biologovE, # Ci !inZenIRi? $
vyluc0013|$ !opCanskA spoleCnost, # nebo segregace? $
vyluc0014|$ !umJeJI, # Ci mOda? $
vyluc0015|$ !upEct, # Ci nFpEwd dohodu dopQedu? $
zjist0001|$ budeme tedi neoficiAlJe hovoRit !o FrACIx Ci FRenAx? $
zjist0002|$ !ale mUZeme za to mi gadZovE? $
zjist0003|$ koNkrEtJI transakce, # kterE pan rak spoxibJil, # !uS provjeRujete? $
zjist0004|$ ve zdravotJictvI, # f kultuRe, # ve SkolstvI? $
zjist0005|$ ste pQesvjetCena, # Ze niJejSI vlAda je nFdrZitelnA? $
zjist0006|$ lze !odhadnyt, # jak se zaxovajI jiJI ruSTI pQetstavitelE? $
zjist0007|$ pQejete si, # pane pQIhodo, # podobnE prostQeDI pro publicisTiku? $
zjist0008|$ nebudeme tam za xudE pQIbuznE, # SizenE !a !uTiskovanE? $
zjist0009|$ navIw bez jakEkolif jistoti jeho celistvosTi !a nezmaJipulovanosTi? $
zjist0010|$ mislIte ciJismus, # zbabjelost, # nFmJetelstvI? $
zjist0011|$ pronajImA se snat jinIm pracoviSTIm, # !abi se zaplaTila? $
zjist0012|$ budu mId zAznam, # gdiS SpatJe zaparkuji? $
zjist0013|$ donASeli na mne moji spolupracovJIci? $
zjist0014|$ vIte !o JeCem jeSTe blAzJivjejSIm? $
zjist0015|$ jde dohromadi neposluSnI !URedJIk !a CeskA republika? $
zjist0016|$ mohl bi srovnat svA !UCiNkovAJI? $
zjist0017|$ mohl biste bIt koNkrEtJejSI? $
zjist0018|$ mUZete bIt koNkrEtJejSI? $
zjist0019|$ lze ponexat rozhodnuTI !o temelInu !odborJIkUm? $
zjist0020|$ vjeRIte fSemu, # co vAm poradenskE firmi doporuCujI? $
zjist0021|$ jestli moje sprAva spUsobila bombardovAJI? $
zjist0022|$ napQIklad DivAci, # sy nAroCJejSI? $
zjist0023|$ !a pronAjmi stAtJI pUdi zemJeDelcUm? $
zjist0024|$ !eksistuje vUbec spUsob, # jag zabrAJit sponzorskIm !afErAm? $
zjist0025|$ dekonstrukTivismus na jeviSTi, # spojenI z jakImsi tajemnIm simbolismem? $
zjist0026|$ je to TeSkE, # nesmIrJe TeSkE? $
zjist0027|$ bilo to spiknuTI mafie !a stAtJIx !URedJIkU? $
zjist0028|$ !uvaZoval si rostrZiTe, # kteRI pak to !asi budy? $
zjist0029|$ sy to !invesTice dlyhodobE? $
zjist0030|$ !a viDIte, # jak nAZ DelostQelec perfektJe !objegd zasAhl? $
zjist0031|$ !a !eksistuje fstax rusU k CeCencUm? $
zjist0032|$ je miJisterstvo !oprAvJeno !utrAcet peJIze, # !abi pomohlo zloCincUm? $
zjist0033|$ prAvje to vAs pQivedlo k !aranZovanE, # !instalovanE fotografii? $
zjist0034|$ !a bjelorusko jako moZnI sypeQ ve CtvrtfinAle? $
zjist0035|$ nebo je snat proboha metafizickE? $
zjist0036|$ !a JizozemSTI fanySci? $
zjist0037|$ mAme je proto zavrhnyt? $
zjist0038|$ nebojIte se !oCekAvAJI vaSix fanySkU? $
zjist0039|$ cITIte se bIt fotografky? $
zjist0040|$ budy SkolAm xibjet peJIze !ot cizincU? $
zjist0041|$ dovADIte svy montAS !aZ do syCasnosTi? $
zjist0042|$ stojI mi to za to se taghle !aNgaZovat? $
zjist0044|$ budy tam leZet TisIce sTIZnosTI? $
zjist0045|$ normalizAtoRi sy !i f !okresJIm zhromAZDeJI? $
zjist0046|$ bude to jeSTe fuNgovat? $
zjist0047|$ !a pQIpadnA strAta svrxovanosTi? $
zjist0048|$ !utkvjelo vAm tehdejSI nahrAvAJI f pamJeTi zvlAStJI pQIhody? $
zjist0049|$ pomAhA vAm to k systQeDeJI? $
zjist0050|$ je TeSkE z Jimi syTeZit? $
zjist0051|$ Deje se f tom smislu Jeco koNkrEtJIho? $
zjist0052|$ poslexne si Jegdi !amerika svEho hrDinu? $
zjist0053|$ je nejvjetSI problEm liberta, # proW dnez grossofci mlCI? $
zjist0054|$ zlomI prokleTI s paRISskIh dvorcU marTina hiNgisovA? $
zjist0055|$ Zijeme v dZuNgli? $
zjist0056|$ neJI potQeba pQitvrDit? $
zjist0057|$ !a mluvI !aNglicki? $
zjist0058|$ !ale Sotek to nepsal, # ten si jenom zaRADil? $
zjist0059|$ skuteCJe to tak fuNguje? $
zjist0060|$ !a to vi jako zaRIDIte? $
zjist0061|$ !a zloCinnE Detki xceZ dAvad za mRIZe? $
zjist0062|$ !aJi TIm ste nedrAZDil? $
zjist0063|$ nebo jeSTe lEpe poRAdek f siNgapuru? $
zjist0064|$ bude novI DIl klICem k Tem pQetxozIm? $
zjist0065|$ !a konzultovali ste tento krok z nepQItomnIm pQetsedy? $
zjist0066|$ mJel Sanci dostat se s !agoJie? $
zjist0067|$ !anebo Ze bixom RICanovi kQivDili? $
zjist0068|$ !ale !u ReDitele? $
zjist0069|$ mislIte, # Ze lukaSeNko svE slovo dodrZI? $
zjist0070|$ !ale Fro je slabE, # je to !Uspjex? $
zjist0071|$ bujI CernI trh? $
zjist0072|$ !a ste tip !uJiverzAlJIho nAjemnEho ReDitele? $
zjist0073|$ je to jen ve fuNgujIcIx mJestskIx sluZbAx? $
zjist0074|$ majI takovE !akce f syCasnE dobje JejakI smisl? $
zjist0075|$ jednA !o zdaJitelnE plJeJI? $
zjist0076|$ !a celodenJI nAplJ? $
zjist0077|$ bil ste nervOzJI? $
zjist0078|$ !a jestli mJe znervOzJoval? $
zjist0079|$ !a dalSI kYzi? $
zjist0080|$ budete !opjet Sokovat jako f !opeRe mozart? $
zjist0081|$ mJel bi !otstypit vAclaf klYs? $
zjist0082|$ sledoval ste situaci !okolo zlInskIh gOlmanU? $
zjist0083|$ dAvA to JejakI zvlAStJI smisl? $
zjist0084|$ nebo mutovaJI FroCeSi? $
zjist0085|$ nebili s toho lidE ve vaSI firmJe nervOzJI? $
zjist0086|$ jde to viplJit? $
zjist0087|$ f Cem spoCIvala jejix !Odovitost? $
zjist0088|$ bil ste pQi losu nervOzJI? $
zjist0089|$ !uS ste si Jegdi dal vlastJI gOl? $
zjist0090|$ !o co vlastJe jde klYsovi? $
zjist0091|$ !ale rozumJels tomu klYsovi? $
zjist0092|$ bavI vAs jezDit Ytem? $
zjist0093|$ g zviDitelJeJI YtorU? $
zjist0094|$ bila to !i pro vAz dobrA sezOna? $
zjist0095|$ mAm psAt pIsJiCki naplno? $
zjist0096|$ CIna mA na kaZdy zemi speciAlJI kvOti? $
zjist0097|$ !a gdiS sociAlJI demokratE svE slibi nesplJI? $
zjist0098|$ mUZe se tadi Clovjek !uZivit jako sOlista? $
zjist0099|$ je Jeco, # co biste mu vitkl? $
zjist0100|$ do kJihi z nAzvem gdo zabil vAclava klYse? $
zjist0101|$ !a mA to vUbec smisl? $
zjist0102|$ budy zavedeni kvOti? $
zjist0103|$ !otpovI tIm s !edenu tajnIm truMfem? $
zjist0104|$ !ale neJI to jen FropocentrickA !iluze? $
zjist0105|$ nenese za to !otpovjednost prAvje vAclaf klYs? $
zjist0106|$ bil ste vUbec nervOzJI? $
zjist0107|$ bilo mu !osmdesAt? $
zjist0108|$ dokAZete vUbec vixutnad detekTifku jinEho Ytora? $
zjist0109|$ nemJel bi si takE !objednat JejakI YDit? $
zjist0110|$ bil to !Umisl? $
zjist0111|$ ptala se na TiskovE konferenci, # gdo to Rekl? $
zjist0112|$ mAte kradenE Yto? $
zjist0113|$ !a neJI nAhody nejhUQ !uS teD? $
zjist0114|$ sy JejakE cesti g ReSeJI? $
zjist0115|$ !a je to vUbec reAlnE? $
zjist0116|$ bude kambodZanUm staCit pyhA !omluva hlavJIx !aktErU genocidi? $
zjist0117|$ stane se dalSI metody hubnuTI ZvIkAJI ZvIkaCki? $
zjist0118|$ !a Ze je tadi mIJ hvjezd? $
zjist0119|$ dA se Jejak visvjetlid debakl Tex CtiQ nominovanIx? $
zjist0120|$ videxl vahaQ skratku !estEbE? $
zjist0121|$ mUZete !alespoJ RIci, # kolik kYs se proSetQuje? $
zjist0122|$ poleTIS !alespoJ jako druhI pilot? $
zjist0123|$ !a gdibiste mJela jmenovat !alespoJ JekterE svE favoriti? $
